Genre,imdbId,Feature1
Documentary,1764657,0
Documentary,3510820,0
Drama,146879,1
Drama,780492,1
Drama,119007,1
Drama,433398,1
Drama,196267,1
Documentary,1358383,0
Drama,56537,1
Comedy,56964,2
Comedy,2358925,2
Documentary,109909,0
Documentary,2510620,0
Comedy,1783408,2
Documentary,1757939,0
Documentary,4425138,0
Documentary,1020938,0
Documentary,1093824,0
Comedy,73878,2
Comedy,72814,2
Drama,327919,1
Drama,283387,1
Documentary,3091282,0
Drama,807054,1
Comedy,101587,2
Comedy,41415,2
Comedy,105017,2
Comedy,2836166,2
Drama,45507,1
Drama,57251,1
Comedy,160298,2
Comedy,109376,2
Documentary,236447,0
Documentary,2583020,0
Comedy,1978524,2
Drama,60613,1
Documentary,1204341,0
Documentary,1152822,0
Comedy,163651,2
Drama,287803,1
Comedy,179641,2
Drama,84293,1
Drama,847897,1
Drama,302889,1
Comedy,89501,2
Comedy,84329,2
Drama,82172,1
Drama,29995,1
Documentary,450295,0
Documentary,1587373,0
Comedy,2557848,2
Comedy,1726589,2
Comedy,889583,2
Drama,478999,1
Comedy,49042,2
Drama,107818,1
Comedy,109920,2
Comedy,200030,2
Documentary,1058058,0
Comedy,56673,2
Drama,117994,1
Documentary,1632703,0
Drama,182508,1
Drama,53131,1
Comedy,79308,2
Documentary,1576434,0
Documentary,2075373,0
Comedy,380277,2
Comedy,50100,2
Drama,116119,1
Documentary,1205541,0
Documentary,2513616,0
Documentary,956101,0
Documentary,1396227,0
Documentary,1146298,0
Drama,234988,1
Comedy,811137,2
Drama,178642,1
Comedy,212292,2
Drama,186253,1
Drama,17128,1
Comedy,1907628,2
Comedy,67540,2
Documentary,3501046,0
Drama,162830,1
Drama,1186248,1
Drama,165857,1
Documentary,3129484,0
Drama,243951,1
Comedy,52117,2
Comedy,207145,2
Documentary,838164,0
Drama,298845,1
Comedy,1230155,2
Documentary,2577990,0
Documentary,1418702,0
Documentary,969355,0
Documentary,78831,0
Drama,115669,1
Documentary,1563712,0
Documentary,1356790,0
Drama,391891,1
Drama,55052,1
Drama,160513,1
Documentary,1699767,0
Documentary,1172995,0
Documentary,3748512,0
Comedy,93720,2
Documentary,1444307,0
Documentary,409965,0
Drama,880502,1
Documentary,1800266,0
Drama,389988,1
Documentary,493420,0
Documentary,1372746,0
Drama,120265,1
Documentary,1233611,0
Drama,423277,1
Comedy,82440,2
Documentary,457414,0
Drama,118980,1
Drama,283530,1
Drama,39735,1
Drama,97635,1
Documentary,2385006,0
Drama,61834,1
Comedy,103207,2
Documentary,1232206,0
Documentary,281534,0
Comedy,348572,2
Documentary,460823,0
Comedy,70913,2
Drama,114592,1
Documentary,451090,0
Documentary,1252298,0
Documentary,88919,0
Documentary,302022,0
Comedy,2078586,2
Documentary,1432989,0
Documentary,420917,0
Comedy,40499,2
Comedy,792975,2
Drama,91920,1
Drama,92904,1
Drama,113083,1
Documentary,3610264,0
Documentary,2146688,0
Comedy,102849,2
Drama,113695,1
Comedy,66193,2
Comedy,56017,2
Drama,308772,1
Comedy,785002,2
Documentary,106642,0
Comedy,822389,2
Comedy,112556,2
Comedy,84938,2
Documentary,1333994,0
Documentary,4316236,0
Comedy,117101,2
Documentary,1279117,0
Comedy,169548,2
Comedy,266489,2
Documentary,1484522,0
Documentary,436845,0
Drama,251141,1
Documentary,446083,0
Documentary,1141486,0
Comedy,283469,2
Comedy,248409,2
Drama,426173,1
Documentary,4147684,0
Drama,94027,1
Drama,58745,1
Comedy,1721672,2
Documentary,2125666,0
Comedy,135673,2
Documentary,3302820,0
Drama,252684,1
Comedy,784972,2
Drama,103069,1
Comedy,240515,2
Documentary,2147134,0
Drama,56663,1
Documentary,3701804,0
Drama,49829,1
Drama,17423,1
Documentary,808482,0
Comedy,1328909,2
Documentary,2615134,0
Drama,190268,1
Documentary,775438,0
Comedy,1324053,2
Comedy,68606,2
Documentary,3576060,0
Drama,65391,1
Drama,91310,1
Comedy,448927,2
Drama,113947,1
Documentary,112120,0
Documentary,381006,0
Documentary,2028530,0
Documentary,1446673,0
Documentary,3400010,0
Drama,64553,1
Comedy,1826753,2
Documentary,395441,0
Drama,335266,1
Drama,899138,1
Drama,38913,1
Comedy,101660,2
Drama,113490,1
Documentary,841119,0
Drama,59729,1
Comedy,45554,2
Comedy,205011,2
Documentary,2085910,0
Drama,350261,1
Drama,434292,1
Drama,113443,1
Documentary,3518988,0
Comedy,320194,2
Drama,1604900,1
Comedy,400297,2
Comedy,260193,2
Drama,78056,1
Drama,84691,1
Documentary,129758,0
Documentary,109433,0
Drama,857355,1
Documentary,3103326,0
Documentary,3010462,0
Comedy,30631,2
Comedy,119972,2
Drama,64665,1
Documentary,1000764,0
Drama,67549,1
Comedy,62117,2
Documentary,1176244,0
Comedy,44916,2
Drama,44741,1
Drama,70212,1
Drama,53793,1
Comedy,78813,2
Drama,772168,1
Documentary,139193,0
Drama,66482,1
Drama,36506,1
Drama,100840,1
Drama,117951,1
Comedy,71357,2
Comedy,87889,2
Drama,223384,1
Comedy,1911553,2
Comedy,1087458,2
Documentary,337868,0
Drama,363060,1
Comedy,306047,2
Comedy,104187,2
Drama,65820,1
Drama,387055,1
Documentary,912590,0
Documentary,2062602,0
Comedy,107478,2
Documentary,3178822,0
Documentary,2204371,0
Comedy,780608,2
Drama,31742,1
Comedy,96870,2
Drama,19237,1
Drama,901475,1
Drama,70115,1
Comedy,91387,2
Comedy,213790,2
Drama,103626,1
Documentary,1344784,0
Comedy,116059,2
Documentary,68178,0
Documentary,1243971,0
Drama,243889,1
Documentary,230010,0
Comedy,15167,2
Drama,55910,1
Drama,209077,1
Documentary,5246328,0
Drama,79239,1
Drama,36947,1
Comedy,67932,2
Drama,65391,1
Comedy,484113,2
Documentary,60712,0
Comedy,1098226,2
Documentary,365215,0
Documentary,1183696,0
Comedy,279781,2
Documentary,4522716,0
Drama,120872,1
Comedy,142634,2
Documentary,1884414,0
Drama,57829,1
Drama,118201,1
Comedy,64203,2
Drama,63384,1
Comedy,1498870,2
Comedy,2209400,2
Documentary,903943,0
Comedy,55383,2
Drama,389235,1
Drama,58003,1
Drama,880502,1
Comedy,50456,2
Comedy,89826,2
Documentary,1278293,0
Documentary,17668,0
Drama,1065318,1
Comedy,115836,2
Comedy,3118696,2
Drama,57277,1
Drama,419815,1
Drama,389235,1
Comedy,245341,2
Documentary,2049636,0
Documentary,2395133,0
Comedy,2191701,2
Drama,262699,1
Documentary,400647,0
Comedy,91173,2
Drama,480163,1
Documentary,876545,0
Comedy,63005,2
Comedy,2248944,2
Drama,108026,1
Drama,105107,1
Documentary,360916,0
Documentary,4393514,0
Comedy,84370,2
Documentary,1433813,0
Comedy,318641,2
Drama,39004,1
Comedy,1122775,2
Drama,102638,1
Documentary,388789,0
Comedy,47250,2
Documentary,479916,0
Documentary,470994,0
Documentary,839739,0
Comedy,930071,2
Drama,56444,1
Comedy,1839648,2
Comedy,446747,2
Documentary,1637612,0
Documentary,87465,0
Comedy,2004420,2
Comedy,408961,2
Documentary,1982113,0
Comedy,1700258,2
Comedy,128089,2
Comedy,161389,2
Documentary,2731398,0
Comedy,1651323,2
Documentary,424024,0
Drama,51878,1
Documentary,115398,0
Comedy,53044,2
Drama,1190858,1
Drama,60491,1
Comedy,109969,2
Drama,41513,1
Documentary,1261900,0
Documentary,1633989,0
Comedy,105097,2
Drama,492962,1
Drama,52708,1
Documentary,57202,0
Drama,61196,1
Documentary,1866255,0
Comedy,210094,2
Documentary,276819,0
Comedy,109942,2
Comedy,1374996,2
Drama,73115,1
Drama,52918,1
Documentary,130232,0
Comedy,103095,2
Comedy,1858538,2
Comedy,40577,2
Documentary,2327631,0
Comedy,32554,2
Comedy,312525,2
Drama,955298,1
Drama,274868,1
Comedy,119115,2
Comedy,15589,2
Comedy,166396,2
Drama,106185,1
Documentary,1343324,0
Documentary,1289430,0
Documentary,1510907,0
Comedy,890888,2
Comedy,1332054,2
Drama,468489,1
Drama,420548,1
Comedy,2087850,2
Documentary,1701976,0
Drama,285280,1
Documentary,1540880,0
Drama,78152,1
Drama,87164,1
Comedy,184354,2
Drama,833960,1
Drama,82992,1
Drama,109226,1
Comedy,53707,2
Documentary,1921040,0
Drama,134108,1
Drama,377972,1
Documentary,391857,0
Drama,200689,1
Comedy,1275590,2
Documentary,3762974,0
Documentary,308514,0
Comedy,33596,2
Comedy,68535,2
Comedy,328990,2
Comedy,68835,2
Comedy,4530184,2
Comedy,1792643,2
Comedy,1754141,2
Drama,381131,1
Comedy,81552,2
Documentary,4425064,0
Comedy,1592530,2
Drama,124207,1
Comedy,38367,2
Documentary,2387601,0
Comedy,1663636,2
Documentary,117262,0
Documentary,2379679,0
Drama,363475,1
Drama,109066,1
Comedy,79540,2
Drama,275719,1
Documentary,443335,0
Comedy,278487,2
Drama,40416,1
Comedy,25590,2
Drama,247613,1
Comedy,1584131,2
Drama,304547,1
Documentary,1570101,0
Drama,76574,1
Comedy,52780,2
Documentary,2147484,0
Documentary,3106868,0
Comedy,16004,2
Documentary,146496,0
Drama,57363,1
Drama,906783,1
Drama,373747,1
Drama,140688,1
Comedy,1756754,2
Drama,117589,1
Documentary,294431,0
Comedy,155028,2
Drama,997188,1
Drama,116920,1
Documentary,331080,0
Comedy,1728130,2
Documentary,1572965,0
Documentary,240505,0
Drama,938341,1
Documentary,1682181,0
Comedy,1537392,2
Drama,88318,1
Documentary,1172957,0
Drama,437447,1
Documentary,3607812,0
Comedy,98224,2
Drama,188052,1
Documentary,2397471,0
Documentary,4973112,0
Drama,277622,1
Comedy,431827,2
Drama,55895,1
Drama,82970,1
Drama,76446,1
Drama,54326,1
Comedy,1693843,2
Documentary,196499,0
Drama,73198,1
Documentary,63084,0
Drama,106473,1
Comedy,2243389,2
Documentary,493459,0
Comedy,199290,2
Documentary,1331025,0
Drama,26261,1
Drama,454931,1
Drama,120824,1
Drama,878674,1
Drama,271582,1
Documentary,1719498,0
Documentary,19225,0
Documentary,977649,0
Documentary,1189345,0
Documentary,282864,0
Documentary,1027091,0
Comedy,16394,2
Drama,189744,1
Comedy,97717,2
Drama,187712,1
Documentary,1638362,0
Documentary,59488,0
Documentary,5275828,0
Comedy,1595366,2
Drama,69067,1
Drama,1405809,1
Documentary,492931,0
Documentary,3621952,0
Documentary,1200060,0
Drama,431975,1
Documentary,389011,0
Documentary,62900,0
Drama,118749,1
Comedy,474476,2
Documentary,91125,0
Documentary,1696535,0
Drama,309291,1
Documentary,393597,0
Comedy,425489,2
Drama,209463,1
Drama,480269,1
Drama,264796,1
Drama,57336,1
Comedy,2964360,2
Drama,850667,1
Documentary,3358998,0
Drama,84807,1
Comedy,100301,2
Comedy,120692,2
Documentary,1845773,0
Comedy,41662,2
Documentary,2034123,0
Documentary,2014351,0
Drama,21571,1
Comedy,117788,2
Comedy,110629,2
Comedy,1168639,2
Comedy,62914,2
Comedy,976247,2
Comedy,2631862,2
Documentary,1433528,0
Documentary,1223143,0
Comedy,156807,2
Documentary,2402200,0
Comedy,28070,2
Comedy,1276947,2
Drama,926759,1
Comedy,111648,2
Drama,1095442,1
Comedy,97958,2
Drama,87400,1
Documentary,436686,0
Drama,44905,1
Documentary,881909,0
Documentary,1153037,0
Comedy,68916,2
Documentary,259207,0
Drama,113725,1
Documentary,1504300,0
Drama,209933,1
Comedy,194530,2
Comedy,277371,2
Documentary,1295068,0
Comedy,486572,2
Drama,138874,1
Comedy,1204975,2
Documentary,4936064,0
Documentary,61988,0
Comedy,323084,2
Drama,85398,1
Drama,63654,1
Comedy,1220628,2
Comedy,95519,2
Documentary,1741225,0
Documentary,2825768,0
Drama,224578,1
Comedy,2933474,2
Documentary,256408,0
Comedy,37557,2
Comedy,377092,2
Drama,126261,1
Documentary,1340425,0
Drama,199129,1
Comedy,323443,2
Drama,313550,1
Documentary,2190568,0
Documentary,1294164,0
Documentary,162243,0
Comedy,50301,2
Drama,58126,1
Documentary,863037,0
Comedy,469754,2
Documentary,5210376,0
Drama,95916,1
Comedy,3762944,2
Comedy,58124,2
Documentary,869155,0
Comedy,284674,2
Comedy,2290153,2
Documentary,1773294,0
Drama,119845,1
Documentary,1326247,0
Comedy,2009538,2
Drama,72446,1
Comedy,977646,2
Documentary,1762233,0
Documentary,1306972,0
Comedy,1666801,2
Documentary,1772382,0
Documentary,1436553,0
Comedy,113101,2
Drama,213446,1
Documentary,2011972,0
Drama,363249,1
Comedy,416773,2
Documentary,878134,0
Documentary,4299972,0
Drama,475860,1
Documentary,417053,0
Comedy,381104,2
Documentary,1285125,0
Documentary,1010005,0
Drama,397619,1
Drama,108557,1
Comedy,81485,2
Comedy,79256,2
Documentary,1232784,0
Documentary,1097256,0
Documentary,387682,0
Documentary,1385956,0
Drama,429068,1
Documentary,251637,0
Comedy,795368,2
Documentary,1788461,0
Documentary,1714046,0
Documentary,410214,0
Comedy,41549,2
Drama,71483,1
Drama,58301,1
Comedy,302297,2
Documentary,427783,0
Documentary,800238,0
Comedy,47152,2
Drama,1186369,1
Comedy,49282,2
Documentary,4370922,0
Drama,97195,1
Comedy,374764,2
Drama,64536,1
Comedy,778784,2
Drama,63599,1
Drama,86429,1
Comedy,1007950,2
Drama,57654,1
Documentary,492487,0
Documentary,1538833,0
Comedy,89629,2
Documentary,1836183,0
Drama,86410,1
Drama,336264,1
Documentary,3505682,0
Drama,48198,1
Drama,310154,1
Comedy,1307059,2
Documentary,2320029,0
Comedy,1473397,2
Drama,56049,1
Comedy,2007360,2
Comedy,356721,2
Documentary,4881016,0
Drama,150143,1
Drama,98724,1
Comedy,865561,2
Drama,780492,1
Comedy,56514,2
Comedy,1058743,2
Drama,301978,1
Drama,107623,1
Comedy,70479,2
Documentary,1327599,0
Drama,443076,1
Comedy,326856,2
Drama,63850,1
Comedy,30722,2
Comedy,1007950,2
Comedy,95662,2
Documentary,783612,0
Comedy,116717,2
Comedy,262246,2
Comedy,64622,2
Drama,54016,1
Documentary,3384890,0
Comedy,44566,2
Comedy,377651,2
Documentary,97033,0
Documentary,1186201,0
Comedy,451829,2
Drama,335345,1
Comedy,116344,2
Drama,819723,1
Comedy,29817,2
Drama,423176,1
Comedy,84173,2
Drama,115633,1
Drama,1527679,1
Comedy,120596,2
Documentary,475994,0
Comedy,309992,2
Comedy,44410,2
Documentary,1326194,0
Documentary,4893244,0
Drama,447641,1
Comedy,2035670,2
Drama,67328,1
Documentary,988102,0
Documentary,3715406,0
Documentary,478331,0
Comedy,1793931,2
Comedy,3985434,2
Documentary,1343394,0
Documentary,75367,0
Documentary,1049400,0
Drama,102631,1
Drama,787523,1
Comedy,116313,2
Drama,94608,1
Documentary,799916,0
Comedy,276428,2
Documentary,1663970,0
Comedy,9893,2
Drama,70640,1
Drama,84874,1
Comedy,385057,2
Drama,114436,1
Drama,887732,1
Documentary,1394383,0
Comedy,75436,2
Documentary,1787791,0
Documentary,3868452,0
Documentary,321353,0
Comedy,98308,2
Comedy,490196,2
Drama,1212456,1
Drama,472582,1
Drama,388474,1
Documentary,1805516,0
Drama,101921,1
Drama,62376,1
Documentary,2822584,0
Drama,317842,1
Documentary,1462017,0
Comedy,83254,2
Comedy,99938,2
Comedy,74964,2
Drama,38107,1
Documentary,187859,0
Drama,414344,1
Drama,112777,1
Documentary,4897822,0
Comedy,305224,2
Drama,1318022,1
Comedy,115650,2
Documentary,166791,0
Documentary,3492436,0
Documentary,479550,0
Documentary,4333662,0
Drama,388505,1
Documentary,334029,0
Drama,1360866,1
Comedy,116601,2
Comedy,85764,2
Documentary,1327628,0
Comedy,93857,2
Documentary,2014338,0
Comedy,54169,2
Documentary,1591138,0
Documentary,3504604,0
Comedy,106301,2
Documentary,132082,0
Drama,111752,1
Comedy,1436559,2
Drama,298856,1
Documentary,1601463,0
Comedy,3797142,2
Drama,228277,1
Documentary,3203290,0
Documentary,321376,0
Drama,117540,1
Documentary,1966396,0
Documentary,892425,0
Comedy,273607,2
Documentary,3892434,0
Comedy,257290,2
Drama,79495,1
Documentary,395421,0
Comedy,1187047,2
Drama,293146,1
Drama,772168,1
Drama,80149,1
Documentary,965355,0
Documentary,1754853,0
Comedy,2872462,2
Documentary,3312868,0
Documentary,457496,0
Drama,53017,1
Drama,773318,1
Comedy,50168,2
Documentary,5136700,0
Drama,168972,1
Drama,381682,1
Drama,367110,1
Documentary,1699720,0
Documentary,344936,0
Comedy,56897,2
Documentary,2327430,0
Documentary,98669,0
Documentary,1339635,0
Documentary,881310,0
Drama,53976,1
Documentary,64640,0
Comedy,92285,2
Documentary,1523980,0
Comedy,448909,2
Comedy,61514,2
Drama,60648,1
Drama,82846,1
Documentary,1002540,0
Comedy,39825,2
Drama,5916,1
Drama,303830,1
Documentary,1440266,0
Documentary,2369331,0
Drama,1172991,1
Drama,48956,1
Comedy,1439235,2
Drama,94884,1
Comedy,150179,2
Drama,119547,1
Comedy,120210,2
Documentary,494831,0
Comedy,85470,2
Drama,73233,1
Comedy,21890,2
Documentary,353252,0
Comedy,2418440,2
Documentary,418038,0
Documentary,389817,0
Comedy,282667,2
Drama,120633,1
Comedy,806940,2
Drama,73152,1
Drama,472156,1
Documentary,4449576,0
Drama,890882,1
Drama,102753,1
Drama,113369,1
Drama,181536,1
Drama,276501,1
Documentary,390005,0
Documentary,74187,0
Drama,417189,1
Comedy,73498,2
Comedy,408985,2
Comedy,54651,2
Comedy,2006040,2
Drama,55320,1
Comedy,17437,2
Comedy,1233599,2
Documentary,977649,0
Documentary,1527725,0
Documentary,88196,0
Documentary,2507550,0
Comedy,102799,2
Documentary,4546868,0
Drama,119626,1
Documentary,361959,0
Drama,64793,1
Drama,118117,1
Documentary,762133,0
Documentary,3065132,0
Comedy,1078940,2
Comedy,1153053,2
Drama,80547,1
Comedy,76391,2
Documentary,605145,0
Drama,99073,1
Comedy,103007,2
Documentary,21375,0
Drama,176415,1
Drama,99634,1
Comedy,241760,2
Comedy,84412,2
Drama,85503,1
Comedy,55593,2
Comedy,246989,2
Documentary,2322482,0
Comedy,43721,2
Drama,16914,1
Drama,77315,1
Drama,119792,1
Drama,47682,1
Documentary,2401099,0
Documentary,3090252,0
Documentary,3907180,0
Documentary,1653827,0
Documentary,107748,0
Documentary,988102,0
Drama,62277,1
Comedy,1672214,2
Comedy,96022,2
Comedy,91178,2
Comedy,838283,2
Drama,87359,1
Comedy,818108,2
Drama,814666,1
Comedy,120707,2
Comedy,1193096,2
Documentary,2218646,0
Documentary,1707818,0
Drama,120090,1
Drama,74360,1
Comedy,2375278,2
Comedy,17029,2
Comedy,425758,2
Documentary,2048877,0
Comedy,832517,2
Comedy,1821362,2
Drama,96288,1
Comedy,409936,2
Documentary,492447,0
Comedy,1645170,2
Comedy,109403,2
Comedy,220016,2
Comedy,64145,2
Comedy,67565,2
Documentary,3158416,0
Comedy,218839,2
Drama,95765,1
Comedy,56093,2
Comedy,87795,2
Documentary,1773315,0
Drama,20475,1
Documentary,2492002,0
Documentary,1708537,0
Comedy,30696,2
Documentary,275408,0
Comedy,1226774,2
Comedy,197213,2
Drama,1078188,1
Drama,277027,1
Documentary,1372293,0
Documentary,173772,0
Comedy,109644,2
Documentary,1581845,0
Drama,36983,1
Comedy,2302334,2
Drama,113658,1
Drama,349691,1
Comedy,4368814,2
Comedy,113935,2
Drama,74718,1
Drama,85872,1
Documentary,3456090,0
Documentary,209919,0
Documentary,1877727,0
Comedy,368259,2
Drama,28330,1
Documentary,1753549,0
Documentary,69172,0
Drama,365020,1
Drama,79875,1
Comedy,105251,2
Drama,61613,1
Drama,376568,1
Drama,45826,1
Documentary,439511,0
Comedy,2041534,2
Drama,1032846,1
Comedy,401787,2
Drama,186730,1
Drama,59575,1
Drama,51980,1
Documentary,1261422,0
Drama,34890,1
Comedy,59581,2
Drama,117422,1
Comedy,33022,2
Documentary,1221143,0
Comedy,53084,2
Comedy,367652,2
Drama,113952,1
Comedy,85980,2
Documentary,822813,0
Drama,468548,1
Drama,175880,1
Drama,419887,1
Documentary,113147,0
Comedy,79309,2
Documentary,996396,0
Comedy,456554,2
Drama,290661,1
Documentary,1543053,0
Comedy,41831,2
Comedy,2651774,2
Documentary,1046963,0
Comedy,64363,2
Documentary,70258,0
Documentary,278102,0
Documentary,485777,0
Documentary,2450264,0
Drama,899137,1
Drama,44896,1
Comedy,35105,2
Documentary,151372,0
Documentary,2194326,0
Documentary,479000,0
Comedy,119534,2
Documentary,1014673,0
Drama,97722,1
Drama,888693,1
Comedy,28353,2
Comedy,70557,2
Documentary,352524,0
Drama,76085,1
Comedy,113674,2
Comedy,119139,2
Drama,88939,1
Drama,90608,1
Documentary,1568335,0
Comedy,385891,2
Drama,60479,1
Documentary,1421361,0
Comedy,290332,2
Documentary,3907674,0
Drama,57163,1
Drama,87193,1
Documentary,830968,0
Comedy,50398,2
Comedy,81712,2
Drama,419515,1
Drama,1002539,1
Documentary,388996,0
Documentary,1772925,0
Comedy,1119646,2
Documentary,1500516,0
Documentary,413845,0
Documentary,1696194,0
Comedy,201290,2
Documentary,1977915,0
Drama,255321,1
Drama,926380,1
Drama,64873,1
Comedy,806147,2
Comedy,107225,2
Comedy,427219,2
Comedy,86637,2
Drama,93133,1
Drama,416675,1
Drama,110712,1
Drama,18066,1
Drama,56825,1
Comedy,79302,2
Comedy,251656,2
Comedy,91579,2
Documentary,368314,0
Drama,175934,1
Documentary,2421956,0
Drama,104033,1
Documentary,99121,0
Drama,86216,1
Documentary,176093,0
Drama,42436,1
Documentary,92561,0
Drama,101991,1
Comedy,216417,2
Documentary,1518809,0
Drama,105323,1
Comedy,91541,2
Drama,1205489,1
Documentary,137355,0
Comedy,81689,2
Documentary,2954776,0
Comedy,110169,2
Drama,120776,1
Drama,133117,1
Drama,61996,1
Documentary,903660,0
Drama,104663,1
Documentary,179074,0
Drama,65724,1
Documentary,2317089,0
Documentary,283941,0
Drama,108170,1
Documentary,98213,0
Comedy,1027658,2
Documentary,395421,0
Drama,277322,1
Documentary,882800,0
Comedy,100347,2
Comedy,114055,2
Documentary,3108430,0
Comedy,328045,2
Comedy,285462,2
Comedy,59171,2
Comedy,377990,2
Documentary,1220553,0
Drama,38213,1
Drama,169302,1
Comedy,1302019,2
Comedy,68555,2
Documentary,93040,0
Documentary,1241325,0
Drama,62395,1
Drama,94315,1
Comedy,71514,2
Drama,171865,1
Drama,118239,1
Documentary,101479,0
Documentary,810970,0
Documentary,1032207,0
Drama,477877,1
Documentary,87317,0
Documentary,455913,0
Comedy,90098,2
Documentary,288114,0
Comedy,48213,2
Comedy,1608334,2
Documentary,2577666,0
Comedy,52896,2
Documentary,83230,0
Documentary,495750,0
Comedy,338828,2
Documentary,831881,0
Drama,119217,1
Drama,243794,1
Comedy,165494,2
Documentary,1601458,0
Documentary,447016,0
Documentary,3595024,0
Documentary,2654562,0
Comedy,1199494,2
Comedy,2417650,2
Drama,1381282,1
Documentary,3514982,0
Drama,1294161,1
Drama,827517,1
Comedy,489085,2
Drama,423169,1
Comedy,3711466,2
Comedy,119887,2
Documentary,1541788,0
Documentary,4413794,0
Documentary,4219836,0
Comedy,84778,2
Comedy,27908,2
Documentary,1832368,0
Comedy,188863,2
Drama,219636,1
Drama,43469,1
Drama,37614,1
Documentary,417003,0
Documentary,233809,0
Documentary,23331,0
Drama,1588875,1
Documentary,95289,0
Documentary,179205,0
Drama,106911,1
Comedy,466771,2
Comedy,131436,2
Drama,1183672,1
Documentary,1740712,0
Documentary,1276121,0
Comedy,1600656,2
Documentary,874421,0
Documentary,2310157,0
Comedy,213121,2
Comedy,181396,2
Documentary,1112115,0
Drama,834170,1
Drama,114753,1
Comedy,99342,2
Comedy,72431,2
Documentary,2381335,0
Comedy,196229,2
Comedy,2378884,2
Drama,42727,1
Drama,71910,1
Documentary,128798,0
Comedy,1292643,2
Comedy,1605630,2
Comedy,1772271,2
Comedy,160835,2
Documentary,1541153,0
Documentary,1235535,0
Comedy,810913,2
Documentary,419142,0
Drama,104111,1
Documentary,109339,0
Comedy,75801,2
Comedy,302886,2
Drama,81616,1
Documentary,4029998,0
Comedy,2442502,2
Documentary,5074414,0
Documentary,1395808,0
Comedy,36055,2
Documentary,1776086,0
Drama,459102,1
Documentary,455949,0
Comedy,2313189,2
Documentary,296310,0
Documentary,1137439,0
Documentary,437806,0
Comedy,2609222,2
Comedy,57134,2
Documentary,2361042,0
Comedy,74720,2
Comedy,112572,2
Documentary,1326831,0
Comedy,2354181,2
Documentary,884762,0
Drama,419279,1
Documentary,439783,0
Documentary,5039822,0
Comedy,69400,2
Drama,1135952,1
Drama,117400,1
Drama,851577,1
Documentary,102360,0
Comedy,47085,2
Drama,241663,1
Drama,132905,1
Drama,117691,1
Drama,817225,1
Documentary,1185371,0
Comedy,107315,2
Comedy,74597,2
Documentary,334548,0
Comedy,16630,2
Drama,363579,1
Documentary,1515195,0
Comedy,71908,2
Documentary,347718,0
Documentary,1558250,0
Drama,62425,1
Documentary,113718,0
Documentary,293088,0
Drama,58500,1
Comedy,388500,2
Comedy,119326,2
Documentary,114147,0
Documentary,238066,0
Comedy,787475,2
Comedy,1702016,2
Drama,419424,1
Documentary,1474312,0
Comedy,2520808,2
Drama,347540,1
Drama,89748,1
Drama,72206,1
Drama,762110,1
Drama,1328867,1
Documentary,774118,0
Comedy,993779,2
Documentary,809439,0
Documentary,4239548,0
Documentary,1149405,0
Comedy,3481550,2
Comedy,80801,2
Documentary,120028,0
Documentary,1865425,0
Drama,76336,1
Documentary,465472,0
Comedy,1489246,2
Documentary,110377,0
Comedy,780608,2
Documentary,1572309,0
Documentary,1453253,0
Documentary,1305890,0
Comedy,28850,2
Comedy,143422,2
Comedy,88395,2
Drama,172632,1
Documentary,1787816,0
Documentary,106385,0
Drama,83888,1
Comedy,38777,2
Comedy,1457766,2
Comedy,109370,2
Comedy,803057,2
Drama,79854,1
Comedy,1222329,2
Comedy,116324,2
Documentary,168515,0
Comedy,118111,2
Drama,300270,1
Documentary,235327,0
Drama,273108,1
Documentary,364079,0
Drama,325478,1
Drama,169145,1
Drama,67227,1
Documentary,318413,0
Drama,116477,1
Documentary,4247738,0
Drama,89816,1
Comedy,98621,2
Drama,1504402,1
Drama,79095,1
Drama,93006,1
Drama,47580,1
Documentary,2207658,0
Comedy,160403,2
Documentary,2753778,0
Comedy,1369567,2
Drama,66491,1
Documentary,1854551,0
Comedy,43699,2
Comedy,351459,2
Drama,993778,1
Documentary,390336,0
Documentary,145302,0
Comedy,244491,2
Documentary,2364729,0
Comedy,93567,2
Comedy,1577052,2
Comedy,1493157,2
Drama,338290,1
Comedy,325537,2
Documentary,3676596,0
Drama,1172963,1
Comedy,90852,2
Drama,1209364,1
Comedy,2091885,2
Drama,65233,1
Documentary,2044040,0
Drama,102583,1
Drama,84807,1
Comedy,492619,2
Comedy,882113,2
Comedy,1782568,2
Drama,22017,1
Documentary,342143,0
Drama,96219,1
Drama,19344,1
Drama,243664,1
Comedy,243493,2
Documentary,1884351,0
Comedy,97493,2
Drama,255094,1
Drama,59453,1
Documentary,1857772,0
Documentary,3462002,0
Comedy,87020,2
Documentary,3122764,0
Drama,190798,1
Drama,1138489,1
Documentary,2371381,0
Drama,63050,1
Drama,55506,1
Drama,330247,1
Documentary,1379210,0
Documentary,2545088,0
Documentary,481348,0
Documentary,452029,0
Comedy,118720,2
Comedy,77288,2
Documentary,4935446,0
Drama,27489,1
Documentary,437325,0
Comedy,442371,2
Comedy,223490,2
Drama,120402,1
Comedy,332712,2
Documentary,468442,0
Drama,419922,1
Comedy,60186,2
Drama,58930,1
Drama,433398,1
Comedy,110524,2
Comedy,106878,2
Comedy,1171226,2
Drama,156794,1
Comedy,1188112,2
Drama,92569,1
Drama,102855,1
Comedy,2987732,2
Documentary,342213,0
Drama,290664,1
Comedy,162854,2
Drama,106911,1
Documentary,1367454,0
Documentary,1539489,0
Documentary,436039,0
Comedy,105328,2
Drama,125522,1
Documentary,2654360,0
Documentary,2043900,0
Documentary,1247703,0
Comedy,398839,2
Comedy,1198408,2
Drama,102494,1
Documentary,1139643,0
Drama,63599,1
Comedy,63612,2
Comedy,117550,2
Documentary,3056202,0
Comedy,1609492,2
Comedy,85603,2
Comedy,2256749,2
Drama,63663,1
Documentary,1893326,0
Comedy,103241,2
Drama,142231,1
Drama,43313,1
Documentary,258013,0
Documentary,1023446,0
Drama,138792,1
Drama,115680,1
Drama,463345,1
Comedy,799934,2
Drama,90556,1
Documentary,912580,0
Documentary,1039647,0
Drama,281924,1
Documentary,1344811,0
Comedy,1609808,2
Drama,40662,1
Drama,115005,1
Drama,286162,1
Comedy,287138,2
Comedy,1540803,2
Comedy,2261749,2
Comedy,892904,2
Comedy,322023,2
Comedy,55809,2
Documentary,1015968,0
Documentary,389448,0
Drama,60574,1
Drama,118043,1
Documentary,2376024,0
Documentary,380758,0
Documentary,478090,0
Documentary,3479180,0
Comedy,257106,2
Comedy,417056,2
Comedy,100608,2
Documentary,2111478,0
Drama,89424,1
Documentary,1697996,0
Comedy,111399,2
Documentary,1979385,0
Drama,97239,1
Drama,11000,1
Documentary,2461034,0
Comedy,90968,2
Documentary,3784160,0
Documentary,307385,0
Documentary,113104,0
Comedy,1655460,2
Comedy,1555747,2
Drama,1285130,1
Documentary,92561,0
Drama,64975,1
Drama,84783,1
Documentary,1584016,0
Comedy,459127,2
Drama,1174047,1
Documentary,1122614,0
Comedy,1511514,2
Documentary,1543807,0
Documentary,3021058,0
Documentary,1059955,0
Documentary,1040007,0
Documentary,1002543,0
Drama,53017,1
Drama,39074,1
Drama,54599,1
Comedy,94288,2
Documentary,354696,0
Comedy,143323,2
Drama,1322282,1
Comedy,443453,2
Comedy,466771,2
Comedy,436058,2
Drama,225100,1
Comedy,127310,2
Comedy,217788,2
Comedy,305999,2
Drama,56541,1
Drama,488905,1
Comedy,99316,2
Comedy,464907,2
Drama,352426,1
Documentary,2058583,0
Documentary,403910,0
Documentary,1326204,0
Comedy,1907614,2
Drama,329355,1
Drama,383518,1
Documentary,400370,0
Documentary,4504040,0
Comedy,92105,2
Comedy,32234,2
Comedy,1582465,2
Documentary,211219,0
Drama,113540,1
Documentary,2118702,0
Comedy,1349451,2
Comedy,95384,2
Documentary,100950,0
Drama,55370,1
Comedy,2294677,2
Drama,45274,1
Drama,412596,1
Documentary,2294679,0
Documentary,1157685,0
Comedy,49830,2
Drama,119512,1
Comedy,1815899,2
Drama,172627,1
Documentary,296108,0
Documentary,492488,0
Comedy,88850,2
Drama,71358,1
Drama,490204,1
Drama,55892,1
Drama,97607,1
Comedy,1935828,2
Drama,20514,1
Comedy,374275,2
Comedy,118836,2
Documentary,2852470,0
Documentary,1343113,0
Comedy,47180,2
Documentary,2193698,0
Comedy,3685818,2
Drama,990404,1
Drama,451176,1
Comedy,73239,2
Comedy,305669,2
Drama,108094,1
Comedy,369994,2
Documentary,4323536,0
Documentary,427206,0
Documentary,1832484,0
Documentary,181810,0
Comedy,116130,2
Drama,1399683,1
Drama,770810,1
Comedy,96060,2
Documentary,1337137,0
Comedy,354068,2
Drama,811128,1
Documentary,1213832,0
Comedy,1053810,2
Drama,1114690,1
Comedy,278597,2
Comedy,1311060,2
Comedy,105378,2
Documentary,912586,0
Comedy,1477837,2
Drama,41870,1
Documentary,421696,0
Comedy,402115,2
Drama,806679,1
Drama,253200,1
Comedy,90966,2
Comedy,75376,2
Drama,156587,1
Drama,53390,1
Drama,342735,1
Comedy,1236397,2
Comedy,1876248,2
Documentary,1974254,0
Documentary,2351524,0
Drama,464105,1
Documentary,1782451,0
Comedy,73915,2
Drama,1153690,1
Documentary,1465494,0
Drama,210727,1
Comedy,92196,2
Comedy,1083456,2
Comedy,1595354,2
Comedy,1073498,2
Drama,147651,1
Drama,286261,1
Drama,55623,1
Drama,356453,1
Comedy,94641,2
Comedy,1924435,2
Documentary,877351,0
Drama,100470,1
Drama,119557,1
Documentary,357608,0
Documentary,3995006,0
Drama,452631,1
Drama,480001,1
Documentary,57960,0
Comedy,87042,2
Documentary,1583323,0
Documentary,2247692,0
Comedy,1747960,2
Drama,107630,1
Drama,108471,1
Documentary,1227378,0
Documentary,312848,0
Drama,1251357,1
Comedy,2243361,2
Documentary,3675486,0
Drama,328538,1
Documentary,5446858,0
Comedy,36699,2
Drama,90608,1
Drama,54412,1
Documentary,2175928,0
Documentary,1611990,0
Documentary,4185572,0
Documentary,432232,0
Documentary,1479183,0
Drama,808148,1
Documentary,902967,0
Drama,114084,1
Comedy,2261542,2
Drama,54286,1
Drama,492967,1
Drama,80756,1
Drama,220627,1
Documentary,150230,0
Drama,497316,1
Comedy,165831,2
Comedy,80731,2
Drama,329330,1
Drama,61042,1
Drama,33677,1
Drama,144604,1
Comedy,367232,2
Comedy,118678,2
Comedy,68637,2
Drama,1031947,1
Comedy,58266,2
Drama,34493,1
Comedy,140627,2
Comedy,1754811,2
Documentary,1572769,0
Drama,69398,1
Documentary,1139618,0
Comedy,417532,2
Documentary,354575,0
Documentary,2134092,0
Documentary,434440,0
Documentary,117320,0
Drama,291213,1
Comedy,3063516,2
Drama,110278,1
Comedy,333780,2
Documentary,1178658,0
Documentary,316016,0
Documentary,1334556,0
Comedy,71583,2
Comedy,61678,2
Documentary,1201658,0
Documentary,4103474,0
Documentary,4974396,0
Drama,483812,1
Drama,424971,1
Drama,318126,1
Documentary,1013854,0
Comedy,87864,2
Documentary,1230130,0
Documentary,1931388,0
Comedy,1996264,2
Drama,62728,1
Documentary,176227,0
Drama,57611,1
Documentary,5434972,0
Comedy,456123,2
Documentary,189553,0
Comedy,1166113,2
Drama,1285309,1
Drama,49043,1
Drama,75938,1
Drama,55499,1
Comedy,26292,2
Comedy,277703,2
Drama,276820,1
Comedy,105201,2
Comedy,73946,2
Drama,83911,1
Documentary,879220,0
Documentary,1016164,0
Drama,320042,1
Comedy,175142,2
Drama,117517,1
Documentary,5161502,0
Documentary,412904,0
Comedy,42247,2
Documentary,486358,0
Drama,81291,1
Drama,317226,1
Comedy,111640,2
Comedy,1376709,2
Comedy,1790886,2
Drama,60063,1
Documentary,319371,0
Drama,373712,1
Documentary,1385869,0
Drama,139745,1
Documentary,294805,0
Comedy,2234155,2
Drama,114616,1
Drama,1679595,1
Drama,217287,1
Comedy,430922,2
Documentary,4881032,0
Documentary,2357472,0
Documentary,3645982,0
Drama,115530,1
Drama,268696,1
Documentary,1633175,0
Documentary,2148554,0
Drama,127319,1
Documentary,2504022,0
Comedy,98309,2
Comedy,83449,2
Comedy,53699,2
Comedy,359517,2
Comedy,803057,2
Drama,112619,1
Drama,112364,1
Drama,415234,1
Drama,79672,1
Comedy,1695994,2
Documentary,1334247,0
Documentary,3966544,0
Documentary,1976608,0
Documentary,891326,0
Drama,51362,1
Drama,74448,1
Documentary,783550,0
Drama,210149,1
Drama,43663,1
Documentary,1864353,0
Documentary,342804,0
Documentary,486585,0
Drama,111055,1
Comedy,1730760,2
Drama,116999,1
Comedy,92897,2
Comedy,3766424,2
Comedy,61590,2
Drama,807721,1
Drama,318411,1
Drama,101844,1
Drama,185125,1
Documentary,390190,0
Drama,1103982,1
Documentary,120056,0
Documentary,86371,0
Comedy,80012,2
Comedy,83587,2
Comedy,1073498,2
Drama,47944,1
Comedy,1638350,2
Documentary,455980,0
Drama,809425,1
Comedy,470765,2
Comedy,83099,2
Comedy,52749,2
Drama,95953,1
Drama,456041,1
Documentary,1439562,0
Documentary,2795078,0
Documentary,775434,0
Documentary,2060305,0
Drama,93093,1
Comedy,82517,2
Documentary,4188192,0
Documentary,128142,0
Comedy,57069,2
Documentary,54745,0
Documentary,419806,0
Comedy,62228,2
Documentary,1134665,0
Comedy,293624,2
Comedy,1194242,2
Drama,41329,1
Comedy,119546,2
Documentary,1114277,0
Comedy,88050,2
Drama,120835,1
Comedy,2370686,2
Comedy,1182924,2
Documentary,116479,0
Drama,79417,1
Documentary,1781784,0
Comedy,14538,2
Comedy,50323,2
Drama,122371,1
Documentary,1268224,0
Drama,100990,1
Drama,426155,1
Drama,100134,1
Drama,283139,1
Comedy,76933,2
Comedy,87385,2
Documentary,1135489,0
Comedy,1946269,2
Documentary,2092588,0
Drama,121853,1
Comedy,63374,2
Drama,388364,1
Drama,51879,1
Comedy,484064,2
Drama,55320,1
Comedy,76141,2
Drama,55464,1
Drama,262210,1
Comedy,245530,2
Documentary,1157720,0
Comedy,97443,2
Documentary,1024964,0
Documentary,435710,0
Documentary,247380,0
Drama,315459,1
Drama,89256,1
Documentary,144829,0
Comedy,59410,2
Drama,114474,1
Drama,859765,1
Documentary,1529331,0
Drama,67805,1
Comedy,114732,2
Comedy,356150,2
Comedy,24183,2
Documentary,2585208,0
Documentary,1053902,0
Drama,347037,1
Drama,83922,1
Drama,145653,1
Comedy,77180,2
Drama,104756,1
Documentary,3833746,0
Comedy,92048,2
Drama,73345,1
Documentary,494826,0
Documentary,120529,0
Comedy,2800240,2
Drama,1048174,1
Documentary,385048,0
Drama,1027718,1
Comedy,103872,2
Drama,363303,1
Drama,412808,1
Drama,84725,1
Drama,105211,1
Drama,107358,1
Documentary,911010,0
Comedy,2041385,2
Documentary,1031225,0
Documentary,1580427,0
Documentary,171587,0
Comedy,115870,2
Documentary,1433852,0
Drama,479506,1
Comedy,416891,2
Drama,67327,1
Documentary,2421498,0
Comedy,1592521,2
Comedy,102032,2
Drama,104060,1
Drama,1008017,1
Comedy,92798,2
Drama,64976,1
Comedy,90774,2
Comedy,2836252,2
Drama,70820,1
Comedy,109936,2
Comedy,1323044,2
Comedy,1135941,2
Drama,116353,1
Drama,857355,1
Drama,356453,1
Documentary,960749,0
Documentary,154352,0
Drama,120521,1
Drama,262774,1
Comedy,416331,2
Drama,95050,1
Comedy,19400,2
Drama,430768,1
Documentary,1479380,0
Comedy,2315200,2
Drama,262432,1
Documentary,4483262,0
Drama,188030,1
Comedy,2043832,2
Documentary,1273222,0
Drama,88040,1
Documentary,2193091,0
Drama,42192,1
Comedy,144168,2
Drama,95827,1
Documentary,117040,0
Comedy,74973,2
Drama,82175,1
Documentary,3654964,0
Comedy,52933,2
Drama,472536,1
Comedy,97892,2
Drama,1022606,1
Documentary,3986532,0
Comedy,117775,2
Drama,445953,1
Comedy,1065106,2
Documentary,1147760,0
Documentary,780577,0
Drama,395972,1
Comedy,63983,2
Comedy,55256,2
Comedy,120838,2
Documentary,4003774,0
Drama,317341,1
Drama,104783,1
Documentary,2233406,0
Drama,102993,1
Documentary,1794779,0
Drama,60758,1
Comedy,122968,2
Documentary,1890383,0
Comedy,112955,2
Comedy,4189442,2
Drama,83326,1
Comedy,41526,2
Drama,41931,1
Comedy,29872,2
Drama,43629,1
Documentary,64334,0
Drama,471911,1
Comedy,57012,2
Drama,53796,1
Comedy,72500,2
Documentary,1294182,0
Documentary,281724,0
Documentary,1866282,0
Drama,1244659,1
Documentary,1851900,0
Documentary,1270080,0
Drama,53602,1
Drama,307901,1
Documentary,2621714,0
Drama,315110,1
Comedy,269604,2
Comedy,103812,2
Drama,291003,1
Drama,160535,1
Comedy,414923,2
Comedy,1547090,2
Documentary,1863280,0
Drama,91480,1
Documentary,2366450,0
Comedy,808393,2
Documentary,819354,0
Comedy,302382,2
Drama,51055,1
Documentary,2325719,0
Drama,59503,1
Documentary,3040528,0
Documentary,1161051,0
Drama,363235,1
Documentary,72742,0
Drama,388318,1
Documentary,2222206,0
Drama,137523,1
Drama,65488,1
Comedy,90727,2
Drama,319470,1
Documentary,3983732,0
Comedy,2258345,2
Comedy,3421186,2
Documentary,262414,0
Documentary,2378587,0
Drama,13372,1
Documentary,2271401,0
Drama,125778,1
Documentary,886500,0
Drama,124185,1
Drama,102116,1
Comedy,48001,2
Drama,93940,1
Documentary,4264834,0
Comedy,78084,2
Documentary,1647292,0
Comedy,87951,2
Comedy,96839,2
Comedy,96466,2
Comedy,116768,2
Comedy,1393742,2
Drama,96908,1
Documentary,1333657,0
Drama,22698,1
Comedy,3462892,2
Drama,1233381,1
Documentary,424565,0
Drama,52990,1
Comedy,2836450,2
Drama,312886,1
Comedy,20442,2
Documentary,4943594,0
Comedy,1161443,2
Documentary,479916,0
Documentary,2571226,0
Documentary,3091148,0
Comedy,91767,2
Comedy,28201,2
Documentary,4462082,0
Drama,75169,1
Documentary,3997238,0
Drama,31976,1
Drama,101746,1
Comedy,1264103,2
Documentary,1444306,0
Drama,857191,1
Documentary,2104994,0
Drama,76348,1
Drama,107282,1
Drama,57634,1
Drama,268690,1
Comedy,2222394,2
Drama,58404,1
Drama,416471,1
Comedy,133906,2
Comedy,219288,2
Documentary,783476,0
Drama,64006,1
Comedy,86438,2
Comedy,82755,2
Comedy,106877,2
Documentary,2302931,0
Documentary,2062961,0
Documentary,1276996,0
Documentary,2481248,0
Drama,1087527,1
Documentary,1336011,0
Documentary,807745,0
Comedy,87550,2
Documentary,3631430,0
Documentary,4908644,0
Documentary,1787777,0
Documentary,2385027,0
Documentary,1951090,0
Documentary,62374,0
Drama,55981,1
Comedy,108207,2
Comedy,2207072,2
Comedy,80339,2
Documentary,1237900,0
Comedy,57688,2
Drama,15361,1
Documentary,1662514,0
Documentary,65494,0
Comedy,2546038,2
Documentary,76042,0
Drama,230783,1
Comedy,123976,2
Drama,1174732,1
Drama,270197,1
Documentary,1279083,0
Documentary,243739,0
Documentary,54745,0
Comedy,107045,2
Comedy,121297,2
Documentary,429086,0
Documentary,3172520,0
Drama,80129,1
Comedy,1764285,2
Drama,70849,1
Documentary,970184,0
Comedy,50483,2
Comedy,2252680,2
Comedy,948532,2
Documentary,120370,0
Drama,46963,1
Comedy,79257,2
Comedy,2608726,2
Drama,1219336,1
Drama,201899,1
Comedy,1754946,2
Comedy,103813,2
Comedy,94910,2
Comedy,40331,2
Documentary,1605782,0
Documentary,1131674,0
Drama,51065,1
Documentary,114500,0
Drama,107247,1
Comedy,1488164,2
Documentary,5593526,0
Comedy,116169,2
Documentary,2678448,0
Comedy,1630637,2
Documentary,2131674,0
Comedy,280674,2
Comedy,57683,2
Comedy,77350,2
Documentary,1029340,0
Comedy,109445,2
Comedy,185584,2
Comedy,60722,2
Comedy,376873,2
Comedy,191053,2
Drama,181960,1
Drama,208911,1
Comedy,79615,2
Comedy,80881,2
Comedy,123581,2
Drama,118819,1
Comedy,93748,2
Documentary,200698,0
Comedy,120725,2
Comedy,273253,2
Comedy,1284575,2
Documentary,73340,0
Drama,88241,1
Drama,1288633,1
Documentary,2401223,0
Documentary,303325,0
Drama,109751,1
Comedy,348333,2
Comedy,97778,2
Documentary,1194612,0
Comedy,1521848,2
Drama,395461,1
Comedy,82902,2
Documentary,117395,0
Documentary,286727,0
Drama,243255,1
Comedy,759509,2
Drama,1080695,1
Drama,144688,1
Drama,112570,1
Documentary,481603,0
Documentary,1736049,0
Comedy,86129,2
Comedy,116445,2
Documentary,996966,0
Drama,1224153,1
Comedy,24961,2
Drama,39651,1
Documentary,2042464,0
Documentary,194234,0
Drama,420015,1
Drama,58724,1
Comedy,330111,2
Documentary,208664,0
Drama,256359,1
Documentary,439810,0
Documentary,1981703,0
Drama,857191,1
Comedy,1450364,2
Drama,424273,1
Comedy,120434,2
Documentary,828154,0
Comedy,86264,2
Drama,1034325,1
Drama,116465,1
Documentary,1319726,0
Comedy,427998,2
Drama,104008,1
Documentary,86936,0
Documentary,72685,0
Drama,30973,1
Comedy,81590,2
Documentary,1782426,0
Drama,118852,1
Documentary,795176,0
Comedy,64606,2
Comedy,194026,2
Comedy,68173,2
Comedy,1339122,2
Drama,157182,1
Drama,247199,1
Comedy,50643,2
Drama,66466,1
Comedy,1528313,2
Drama,22395,1
Comedy,101444,2
Drama,60050,1
Drama,476298,1
Drama,105046,1
Comedy,18756,2
Drama,70643,1
Documentary,1002540,0
Drama,262911,1
Drama,286516,1
Documentary,1023345,0
Documentary,58481,0
Documentary,1126514,0
Comedy,96166,2
Comedy,252490,2
Comedy,1714196,2
Documentary,199013,0
Drama,45848,1
Drama,73486,1
Documentary,375073,0
Drama,69467,1
Comedy,10071,2
Comedy,317640,2
Drama,295004,1
Documentary,3213062,0
Drama,94868,1
Comedy,274155,2
Documentary,959858,0
Comedy,2417560,2
Comedy,1695409,2
Documentary,3544048,0
Comedy,2234261,2
Drama,201631,1
Comedy,3010660,2
Comedy,236000,2
Documentary,477424,0
Drama,51983,1
Documentary,832903,0
Drama,69958,1
Comedy,3004634,2
Comedy,112508,2
Drama,85482,1
Comedy,50456,2
Documentary,3539664,0
Comedy,780002,2
Drama,101531,1
Comedy,1196165,2
Comedy,70860,2
Comedy,24762,2
Documentary,243604,0
Comedy,2208144,2
Comedy,258100,2
Drama,419887,1
Documentary,806136,0
Comedy,78907,2
Drama,145605,1
Documentary,800334,0
Drama,113057,1
Drama,71786,1
Documentary,329094,0
Drama,807054,1
Documentary,4900018,0
Documentary,3385404,0
Comedy,112606,2
Comedy,1090639,2
Documentary,114093,0
Drama,48198,1
Comedy,65839,2
Comedy,235872,2
Drama,47528,1
Comedy,64855,2
Comedy,82138,2
Drama,108550,1
Comedy,32263,2
Drama,89537,1
Comedy,329028,2
Documentary,209110,0
Drama,114323,1
Documentary,4610372,0
Drama,1130088,1
Drama,84855,1
Comedy,2731434,2
Drama,120646,1
Documentary,1031928,0
Drama,92123,1
Documentary,3110286,0
Comedy,3092076,2
Documentary,1579236,0
Documentary,342570,0
Drama,93562,1
Comedy,1178640,2
Comedy,80808,2
Documentary,1503769,0
Drama,1318001,1
Documentary,960730,0
Comedy,100087,2
Drama,40980,1
Documentary,961109,0
Drama,218581,1
Comedy,47794,2
Drama,77729,1
Drama,420260,1
Documentary,86907,0
Drama,379976,1
Documentary,293282,0
Documentary,478338,0
Drama,1328913,1
Comedy,74343,2
Documentary,439682,0
Comedy,2403029,2
Drama,19655,1
Documentary,2979302,0
Documentary,2378465,0
Drama,327201,1
Comedy,3421514,2
Drama,365183,1
Drama,84465,1
Drama,347016,1
Documentary,1202339,0
Drama,427339,1
Documentary,461674,0
Documentary,1204953,0
Comedy,1050002,2
Comedy,77319,2
Comedy,87003,2
Documentary,79936,0
Documentary,1253565,0
Documentary,273244,0
Documentary,19403,0
Comedy,79858,2
Documentary,1348997,0
Comedy,424345,2
Comedy,1229340,2
Documentary,1842793,0
Comedy,23498,2
Comedy,84268,2
Drama,84723,1
Drama,69737,1
Drama,25929,1
Comedy,74251,2
Documentary,296881,0
Comedy,54279,2
Documentary,25456,0
Comedy,1116186,2
Documentary,1542485,0
Drama,57536,1
Drama,33677,1
Comedy,1961179,2
Comedy,1375670,2
Comedy,3097204,2
Drama,79359,1
Documentary,439511,0
Documentary,1190135,0
Drama,65649,1
Comedy,316187,2
Drama,988108,1
Documentary,1990352,0
Drama,98197,1
Drama,1314280,1
Comedy,37931,2
Drama,307213,1
Drama,51093,1
Comedy,4707,2
Comedy,382966,2
Drama,109593,1
Comedy,481273,2
Comedy,70128,2
Comedy,66289,2
Drama,491747,1
Comedy,1213644,2
Drama,84784,1
Documentary,90182,0
Drama,114534,1
Drama,208995,1
Comedy,34424,2
Drama,298126,1
Comedy,109209,2
Drama,117398,1
Comedy,76306,2
Comedy,217894,2
Documentary,1298564,0
Comedy,1855401,2
Drama,143334,1
Drama,43362,1
Drama,40522,1
Comedy,1711425,2
Comedy,99280,2
Drama,84565,1
Comedy,2147365,2
Comedy,77597,2
Documentary,1326954,0
Drama,48028,1
Drama,1110272,1
Drama,476735,1
Drama,156906,1
Documentary,1437364,0
Comedy,46487,2
Comedy,346513,2
Drama,964185,1
Documentary,380473,0
Drama,1291548,1
Drama,296658,1
Drama,343095,1
Documentary,3214286,0
Comedy,182357,2
Comedy,3142224,2
Comedy,366137,2
Comedy,118301,2
Documentary,3091380,0
Documentary,2395228,0
Documentary,1437235,0
Comedy,1305586,2
Comedy,1437849,2
Drama,156096,1
Documentary,1814836,0
Drama,56196,1
Drama,60486,1
Drama,110521,1
Drama,88007,1
Documentary,847817,0
Drama,209189,1
Comedy,377057,2
Comedy,808146,2
Documentary,1710542,0
Documentary,367655,0
Comedy,21910,2
Drama,89537,1
Comedy,129280,2
Drama,158117,1
Drama,835456,1
Comedy,52847,2
Documentary,492494,0
Comedy,109167,2
Comedy,2314824,2
Documentary,2087878,0
Documentary,180443,0
Documentary,2033981,0
Documentary,1532413,0
Documentary,424509,0
Documentary,1618399,0
Drama,180093,1
Documentary,168845,0
Drama,14417,1
Documentary,1895408,0
Comedy,1107812,2
Comedy,102319,2
Drama,109368,1
Drama,482528,1
Drama,3014,1
Drama,1277737,1
Comedy,119644,2
Comedy,63527,2
Drama,314039,1
Documentary,1185370,0
Documentary,4286440,0
Documentary,377029,0
Comedy,258827,2
Drama,71464,1
Drama,119506,1
Drama,59674,1
Comedy,1564916,2
Comedy,52607,2
Documentary,4934296,0
Drama,425321,1
Documentary,301555,0
Drama,63218,1
Comedy,1192624,2
Documentary,3660770,0
Documentary,4131208,0
Drama,165986,1
Documentary,1337155,0
Drama,279065,1
Drama,226935,1
Drama,332285,1
Comedy,64820,2
Drama,322824,1
Comedy,53644,2
Comedy,2302529,2
Drama,195001,1
Documentary,3771626,0
Documentary,455581,0
Drama,498097,1
Drama,113131,1
Comedy,466713,2
Comedy,1002959,2
Drama,66892,1
Documentary,1072756,0
Comedy,88781,2
Drama,68569,1
Documentary,1806910,0
Documentary,1915570,0
Comedy,18102,2
Comedy,116422,2
Comedy,392878,2
Comedy,1912996,2
Documentary,1623757,0
Comedy,1978532,2
Documentary,1286798,0
Drama,772105,1
Documentary,3785740,0
Comedy,36783,2
Drama,84808,1
Comedy,94739,2
Documentary,2626102,0
Documentary,4126304,0
Drama,82969,1
Comedy,2883224,2
Drama,65695,1
Drama,102458,1
Documentary,4902012,0
Drama,95607,1
Drama,39135,1
Drama,105327,1
Comedy,192766,2
Comedy,59417,2
Drama,832318,1
Drama,112757,1
Documentary,1864253,0
Comedy,2573858,2
Comedy,67377,2
Comedy,1232775,2
Comedy,24601,2
Drama,60801,1
Comedy,1320355,2
Documentary,760185,0
Comedy,86292,2
Comedy,51739,2
Comedy,429080,2
Comedy,290823,2
Documentary,874289,0
Comedy,795461,2
Comedy,153866,2
Drama,41746,1
Comedy,77975,2
Drama,416212,1
Documentary,2179053,0
Comedy,59166,2
Drama,395424,1
Documentary,2125439,0
Comedy,91524,2
Comedy,82111,2
Drama,110296,1
Drama,21739,1
Drama,85461,1
Documentary,83318,0
Drama,174268,1
Drama,56134,1
Comedy,76107,2
Drama,1404653,1
Drama,74958,1
Comedy,63800,2
Documentary,249555,0
Documentary,422349,0
Documentary,489037,0
Documentary,1734477,0
Documentary,1998399,0
Drama,1105512,1
Comedy,1171222,2
Documentary,487116,0
Documentary,830968,0
Drama,44081,1
Drama,168589,1
Drama,351461,1
Drama,304415,1
Comedy,385013,2
Documentary,96024,0
Documentary,487092,0
Comedy,2670642,2
Documentary,803005,0
Documentary,270291,0
Comedy,50985,2
Comedy,808425,2
Comedy,1735200,2
Documentary,1613763,0
Comedy,35771,2
Documentary,850669,0
Comedy,63464,2
Drama,46438,1
Documentary,3528874,0
Documentary,56819,0
Documentary,2265179,0
Comedy,357413,2
Drama,43458,1
Drama,109340,1
Comedy,2114461,2
Comedy,177650,2
Comedy,79839,2
Documentary,112646,0
Documentary,808245,0
Comedy,117608,2
Comedy,68361,2
Comedy,93215,2
Comedy,392869,2
Comedy,9062,2
Comedy,3014666,2
Drama,408056,1
Documentary,1510726,0
Documentary,57442,0
Comedy,219919,2
Documentary,158863,0
Documentary,3335378,0
Comedy,1772371,2
Drama,63787,1
Drama,118823,1
Drama,855895,1
Drama,53622,1
Comedy,844671,2
Documentary,112267,0
Comedy,405163,2
Drama,101811,1
Comedy,66942,2
Comedy,159696,2
Documentary,489707,0
Comedy,133170,2
Drama,89160,1
Comedy,203427,2
Comedy,144246,2
Comedy,269743,2
Drama,19935,1
Drama,100681,1
Drama,52572,1
Comedy,1764366,2
Documentary,1307963,0
Documentary,283525,0
Drama,114626,1
Documentary,2073128,0
Drama,95178,1
Drama,1356928,1
Drama,105577,1
Comedy,476681,2
Drama,64828,1
Drama,278413,1
Documentary,1648188,0
Drama,111667,1
Comedy,252703,2
Drama,63185,1
Drama,100879,1
Comedy,206088,2
Documentary,1826730,0
Drama,145048,1
Comedy,1656170,2
Documentary,1466072,0
Documentary,3362914,0
Drama,1611211,1
Drama,97782,1
Documentary,1824254,0
Documentary,1176727,0
Drama,304808,1
Comedy,2399406,2
Comedy,365125,2
Drama,801526,1
Drama,816616,1
Comedy,2279864,2
Comedy,87739,2
Drama,241663,1
Drama,889652,1
Drama,338309,1
Comedy,103035,2
Documentary,846789,0
Comedy,84555,2
Comedy,23584,2
Documentary,80800,0
Drama,328802,1
Documentary,1152828,0
Drama,49010,1
Documentary,140894,0
Drama,967945,1
Drama,168446,1
Drama,41154,1
Documentary,445158,0
Documentary,1754398,0
Drama,50458,1
Drama,378793,1
Comedy,2380408,2
Comedy,26017,2
Comedy,68235,2
Comedy,2352394,2
Documentary,1756511,0
Documentary,17162,0
Drama,101428,1
Comedy,40497,2
Documentary,1236194,0
Documentary,75788,0
Comedy,111807,2
Comedy,114095,2
Comedy,117102,2
Comedy,1679235,2
Documentary,3504226,0
Comedy,63098,2
Documentary,1266093,0
Comedy,61052,2
Documentary,385073,0
Documentary,1955162,0
Comedy,82926,2
Drama,348853,1
Comedy,61827,2
Documentary,314691,0
Comedy,433116,2
Drama,487419,1
Comedy,2463288,2
Drama,90203,1
Drama,83169,1
Comedy,1034090,2
Drama,98347,1
Drama,97714,1
Documentary,391225,0
Drama,76245,1
Documentary,816362,0
Documentary,1327726,0
Comedy,1639093,2
Drama,388727,1
Drama,49601,1
Comedy,105815,2
Comedy,103228,2
Comedy,66563,2
Documentary,1262958,0
Drama,810945,1
Documentary,1822381,0
Comedy,251156,2
Comedy,371683,2
Documentary,1104783,0
Drama,1364487,1
Drama,23369,1
Comedy,183505,2
Documentary,1781069,0
Documentary,1642627,0
Drama,416675,1
Comedy,1318044,2
Comedy,2392672,2
Comedy,112844,2
Comedy,109686,2
Drama,94663,1
Drama,53765,1
Drama,181912,1
Drama,783515,1
Documentary,2826922,0
Comedy,54481,2
Drama,48610,1
Comedy,1255955,2
Drama,111054,1
Drama,328844,1
Drama,78111,1
Documentary,3400460,0
Comedy,373915,2
Documentary,1097256,0
Drama,71338,1
Comedy,89839,2
Drama,360845,1
Comedy,325258,2
Comedy,98230,2
Drama,98327,1
Drama,250125,1
Comedy,1937226,2
Comedy,110066,2
Documentary,892425,0
Drama,1020773,1
Documentary,1052003,0
Drama,279037,1
Comedy,120618,2
Comedy,90206,2
Drama,301976,1
Comedy,2319580,2
Documentary,1291547,0
Comedy,384793,2
Comedy,57878,2
Comedy,342520,2
Drama,106464,1
Comedy,97790,2
Documentary,2258685,0
Documentary,120454,0
Comedy,3110770,2
Documentary,480753,0
Comedy,2246887,2
Documentary,484211,0
Documentary,428441,0
Documentary,1992193,0
Drama,109217,1
Documentary,3576072,0
Comedy,32339,2
Comedy,64683,2
Documentary,1874513,0
Documentary,1802529,0
Comedy,105103,2
Comedy,125319,2
Documentary,114669,0
Drama,368226,1
Drama,397530,1
Comedy,362120,2
Drama,320668,1
Comedy,250491,2
Drama,59037,1
Documentary,116859,0
Documentary,3883282,0
Documentary,3219678,0
Documentary,427541,0
Drama,116300,1
Comedy,423505,2
Drama,95385,1
Documentary,1325619,0
Drama,472113,1
Comedy,109685,2
Comedy,69747,2
Documentary,5278464,0
Comedy,339607,2
Documentary,906743,0
Comedy,3013602,2
Drama,414195,1
Comedy,81323,2
Drama,827517,1
Documentary,454587,0
Drama,118783,1
Drama,1232776,1
Comedy,119465,2
Drama,1571724,1
Comedy,361462,2
Documentary,411674,0
Documentary,1226261,0
Drama,477731,1
Documentary,13427,0
Drama,57345,1
Documentary,119533,0
Documentary,1382470,0
Documentary,1151833,0
Comedy,82948,2
Comedy,1078885,2
Drama,57883,1
Drama,24453,1
Comedy,1663675,2
Comedy,109440,2
Drama,65241,1
Documentary,383551,0
Documentary,1404702,0
Drama,114008,1
Comedy,1194610,2
Documentary,272052,0
Drama,314630,1
Comedy,366532,2
Drama,100200,1
Drama,382847,1
Drama,383534,1
Drama,287140,1
Comedy,412298,2
Documentary,310044,0
Documentary,2215151,0
Drama,65911,1
Drama,29077,1
Comedy,823187,2
Documentary,2608732,0
Documentary,1222815,0
Comedy,74524,2
Comedy,841027,2
Comedy,377834,2
Documentary,1528792,0
Drama,1143891,1
Documentary,963807,0
Drama,808237,1
Drama,51093,1
Drama,23686,1
Drama,56346,1
Drama,782867,1
Documentary,79204,0
Drama,82736,1
Documentary,1787660,0
Comedy,76257,2
Comedy,87635,2
Drama,456658,1
Drama,58294,1
Documentary,63854,0
Comedy,118073,2
Documentary,2011325,0
Drama,137863,1
Comedy,291832,2
Drama,19074,1
Documentary,449472,0
Drama,241025,1
Drama,19558,1
Comedy,3958494,2
Documentary,1567736,0
Documentary,1183697,0
Drama,114472,1
Drama,407008,1
Comedy,328955,2
Drama,114134,1
Documentary,1926910,0
Documentary,387682,0
Comedy,77660,2
Drama,194314,1
Documentary,103767,0
Comedy,429095,2
Drama,80928,1
Comedy,104837,2
Documentary,1293751,0
Documentary,71996,0
Documentary,74605,0
Comedy,17119,2
Comedy,179526,2
Comedy,1438251,2
Drama,113200,1
Documentary,1212007,0
Documentary,1421032,0
Comedy,2311348,2
Comedy,24240,2
Comedy,156639,2
Drama,107426,1
Comedy,94641,2
Documentary,427228,0
Drama,366596,1
Drama,239381,1
Documentary,15039,0
Comedy,1156067,2
Drama,106535,1
Drama,54780,1
Documentary,2626962,0
Comedy,11652,2
Documentary,20523,0
Drama,221559,1
Comedy,424338,2
Comedy,807028,2
Drama,110867,1
Drama,803080,1
Documentary,54205,0
Comedy,48346,2
Comedy,60760,2
Drama,389908,1
Documentary,71680,0
Drama,886539,1
Documentary,49518,0
Comedy,1454607,2
Documentary,1235534,0
Drama,32946,1
Drama,466665,1
Drama,94304,1
Documentary,1193626,0
Comedy,78133,2
Drama,45112,1
Drama,291905,1
Comedy,18523,2
Comedy,313504,2
Drama,298408,1
Documentary,1675198,0
Comedy,472050,2
Drama,457655,1
Comedy,772178,2
Drama,57598,1
Comedy,90245,2
Documentary,1379667,0
Drama,60164,1
Drama,120238,1
Drama,31976,1
Drama,5078,1
Comedy,3467440,2
Comedy,407732,2
Documentary,2789422,0
Documentary,290591,0
Comedy,1321509,2
Documentary,1806234,0
Documentary,4021190,0
Comedy,50706,2
Comedy,57400,2
Drama,73293,1
Documentary,1280015,0
Comedy,829482,2
Drama,286921,1
Drama,312886,1
Documentary,3589290,0
Comedy,2096672,2
Documentary,3797808,0
Drama,822849,1
Comedy,1874789,2
Comedy,2642442,2
Drama,285441,1
Documentary,1320254,0
Documentary,1051245,0
Documentary,83105,0
Comedy,41550,2
Drama,279778,1
Comedy,374900,2
Documentary,80900,0
Drama,68528,1
Comedy,181322,2
Drama,50487,1
Drama,339827,1
Comedy,2235902,2
Documentary,1413496,0
Drama,83947,1
Drama,406038,1
Comedy,93690,2
Comedy,52911,2
Drama,67445,1
Drama,105159,1
Comedy,2474438,2
Documentary,147590,0
Drama,419256,1
Documentary,495729,0
Drama,65417,1
Documentary,416825,0
Documentary,892773,0
Drama,163185,1
Documentary,2177843,0
Drama,50347,1
Comedy,118663,2
Comedy,84923,2
Drama,403692,1
Drama,1442519,1
Documentary,115978,0
Comedy,1867566,2
Comedy,4142022,2
Documentary,4651932,0
Documentary,1292648,0
Comedy,464907,2
Documentary,3215346,0
Drama,94799,1
Drama,288491,1
Documentary,3907314,0
Documentary,116298,0
Drama,89006,1
Documentary,2076781,0
Comedy,425395,2
Drama,140888,1
Drama,55019,1
Documentary,196530,0
Comedy,1361313,2
Comedy,43918,2
Documentary,308488,0
Drama,91786,1
Drama,8879,1
Comedy,48481,2
Drama,75902,1
Comedy,90115,2
Drama,484437,1
Drama,171685,1
Documentary,1518821,0
Comedy,81427,2
Documentary,1437833,0
Drama,49784,1
Documentary,250730,0
Drama,961108,1
Documentary,762117,0
Comedy,1764664,2
Drama,117718,1
Documentary,2630916,0
Comedy,101391,2
Documentary,953404,0
Drama,87091,1
Drama,39192,1
Documentary,968760,0
Documentary,107455,0
Documentary,1386654,0
Documentary,452604,0
Drama,1149363,1
Documentary,119728,0
Drama,77742,1
Drama,97458,1
Drama,1513713,1
Documentary,184510,0
Drama,62352,1
Drama,105660,1
Documentary,17376,0
Documentary,2488042,0
Documentary,1395183,0
Drama,452971,1
Comedy,61581,2
Comedy,1092633,2
Documentary,1173922,0
Drama,70188,1
Documentary,1499246,0
Comedy,45056,2
Documentary,1368070,0
Drama,12763,1
Comedy,55946,2
Documentary,2402179,0
Documentary,810856,0
Drama,79023,1
Comedy,108167,2
Drama,19591,1
Documentary,970184,0
Comedy,43772,2
Drama,352332,1
Documentary,2155337,0
Comedy,2287675,2
Drama,120408,1
Documentary,4397346,0
Comedy,89838,2
Comedy,96824,2
Documentary,259731,0
Drama,406098,1
Comedy,31345,2
Drama,40737,1
Comedy,98554,2
Comedy,90274,2
Drama,58409,1
Comedy,412535,2
Comedy,87072,2
Drama,91823,1
Comedy,287969,2
Documentary,100332,0
Documentary,261555,0
Documentary,847817,0
Comedy,1198340,2
Drama,1010415,1
Documentary,1694539,0
Drama,1016321,1
Drama,102316,1
Comedy,100611,2
Documentary,379269,0
Drama,82313,1
Drama,59477,1
Drama,115964,1
Drama,199777,1
Comedy,2330933,2
Comedy,164108,2
Comedy,33868,2
Comedy,462519,2
Documentary,1158308,0
Comedy,202806,2
Drama,81420,1
Drama,463032,1
Documentary,2366308,0
Documentary,799948,0
Documentary,478160,0
Comedy,92217,2
Comedy,2397489,2
Documentary,1596753,0
Comedy,78766,2
Documentary,2294729,0
Documentary,119107,0
Drama,1263736,1
Drama,87921,1
Comedy,87700,2
Drama,289668,1
Documentary,3120794,0
Documentary,1510934,0
Documentary,4867094,0
Drama,816616,1
Drama,109020,1
Drama,117773,1
Documentary,1650404,0
Comedy,51074,2
Drama,1001540,1
Documentary,807956,0
Drama,499262,1
Documentary,349154,0
Documentary,498091,0
Drama,386862,1
Documentary,3408558,0
Comedy,3569356,2
Documentary,334416,0
Comedy,66808,2
Comedy,77768,2
Documentary,97843,0
Documentary,131356,0
Drama,117076,1
Comedy,2036408,2
Drama,93713,1
Drama,113145,1
Documentary,177516,0
Documentary,1439573,0
Drama,76211,1
Documentary,263238,0
Drama,417614,1
Documentary,4057438,0
Documentary,762117,0
Comedy,79470,2
Drama,113328,1
Comedy,40473,2
Drama,40970,1
Documentary,1636849,0
Documentary,443524,0
Drama,929632,1
Comedy,2207090,2
Comedy,461179,2
Documentary,64429,0
Comedy,73766,2
Documentary,2234536,0
Documentary,277185,0
Comedy,189201,2
Documentary,4677300,0
Drama,1380174,1
Documentary,490117,0
Drama,212604,1
Drama,1131727,1
Drama,387059,1
Comedy,756210,2
Documentary,1450681,0
Comedy,1411664,2
Comedy,115697,2
Documentary,1398949,0
Documentary,150338,0
Comedy,76913,2
Documentary,2294819,0
Documentary,1333668,0
Documentary,2359417,0
Documentary,49531,0
Drama,317965,1
Documentary,1185598,0
Drama,71145,1
Documentary,1462014,0
Documentary,76097,0
Comedy,2145540,2
Drama,56049,1
Comedy,29845,2
Drama,27138,1
Comedy,63462,2
Comedy,39485,2
Documentary,104045,0
Comedy,1127702,2
Drama,1152850,1
Drama,149964,1
Comedy,1132594,2
Drama,28282,1
Documentary,2332522,0
Documentary,5278964,0
Comedy,1178654,2
Drama,229002,1
Drama,1068646,1
Comedy,1415269,2
Drama,480001,1
Drama,76263,1
Comedy,151804,2
Documentary,2650192,0
Drama,91513,1
Documentary,1286537,0
Comedy,1672091,2
Comedy,58551,2
Documentary,3204392,0
Documentary,2035599,0
Comedy,1135525,2
Comedy,2112129,2
Documentary,2708794,0
Comedy,26675,2
Comedy,102940,2
Comedy,360025,2
Documentary,430420,0
Drama,107501,1
Documentary,358647,0
Documentary,1528224,0
Documentary,2404171,0
Documentary,1045642,0
Documentary,1519402,0
Drama,23911,1
Documentary,1578269,0
Documentary,1235790,0
Documentary,2321249,0
Comedy,3002578,2
Documentary,1829648,0
Documentary,1870548,0
Documentary,2114490,0
Documentary,1235072,0
Comedy,1670226,2
Comedy,86450,2
Comedy,120376,2
Drama,203230,1
Documentary,444608,0
Drama,32811,1
Drama,57058,1
Drama,111845,1
Documentary,2637848,0
Documentary,1111313,0
Documentary,458425,0
Comedy,117544,2
Documentary,1854364,0
Drama,37536,1
Drama,82313,1
Drama,53987,1
Drama,359692,1
Documentary,1333631,0
Comedy,52141,2
Comedy,46766,2
Comedy,54615,2
Comedy,1636826,2
Comedy,41737,2
Comedy,67484,2
Documentary,1421383,0
Comedy,1707821,2
Comedy,109040,2
Documentary,1595061,0
Comedy,218182,2
Documentary,1265589,0
Documentary,961117,0
Comedy,73722,2
Documentary,1699762,0
Drama,118705,1
Documentary,848243,0
Comedy,90184,2
Drama,106447,1
Comedy,1407050,2
Comedy,103827,2
Comedy,1715876,2
Documentary,3845960,0
Documentary,378407,0
Documentary,150290,0
Drama,35195,1
Drama,53462,1
Drama,113774,1
Drama,974544,1
Documentary,839851,0
Documentary,3020666,0
Comedy,1309409,2
Documentary,1727523,0
Documentary,358456,0
Drama,119590,1
Comedy,48822,2
Documentary,436857,0
Comedy,104741,2
Comedy,2396485,2
Documentary,118042,0
Drama,126859,1
Documentary,1294790,0
Documentary,5251348,0
Documentary,961117,0
Drama,107474,1
Comedy,1422182,2
Drama,27459,1
Comedy,42541,2
Comedy,44662,2
Drama,1210039,1
Comedy,1698648,2
Drama,399901,1
Drama,21622,1
Documentary,2649274,0
Documentary,186820,0
Documentary,3231100,0
Comedy,416220,2
Drama,110638,1
Comedy,87366,2
Documentary,107233,0
Comedy,10267,2
Comedy,37492,2
Documentary,2787834,0
Comedy,103978,2
Drama,368658,1
Comedy,417056,2
Comedy,81698,2
Comedy,69495,2
Comedy,54049,2
Documentary,4009820,0
Documentary,1511400,0
Drama,40495,1
Documentary,81169,0
Comedy,476240,2
Documentary,1296893,0
Drama,911024,1
Comedy,1833843,2
Documentary,1341764,0
Drama,275182,1
Comedy,34274,2
Drama,113918,1
Drama,53750,1
Drama,56215,1
Comedy,45102,2
Comedy,120032,2
Documentary,206681,0
Comedy,1716772,2
Drama,200427,1
Documentary,166169,0
Comedy,104279,2
Comedy,1951076,2
Comedy,427152,2
Drama,825241,1
Comedy,77295,2
Documentary,192069,0
Documentary,5073738,0
Documentary,1172047,0
Documentary,2125653,0
Documentary,2069830,0
Comedy,1221207,2
Documentary,296881,0
Documentary,338357,0
Documentary,237335,0
Documentary,2827708,0
Comedy,3148468,2
Comedy,1305869,2
Drama,84899,1
Drama,460480,1
Drama,470679,1
Comedy,49877,2
Drama,78878,1
Drama,116245,1
Drama,81283,1
Documentary,1540814,0
Documentary,3675568,0
Documentary,1424062,0
Documentary,455989,0
Drama,1186366,1
Drama,100151,1
Drama,855729,1
Comedy,106677,2
Comedy,26126,2
Comedy,15119,2
Comedy,3013386,2
Drama,300214,1
Drama,307913,1
Comedy,216930,2
Drama,84390,1
Drama,422133,1
Drama,117221,1
Comedy,250282,2
Documentary,1529666,0
Drama,104373,1
Comedy,2254364,2
Drama,408664,1
Comedy,25799,2
Comedy,22718,2
Drama,357110,1
Documentary,979263,0
Comedy,2853614,2
Drama,322289,1
Drama,113691,1
Drama,257818,1
Documentary,939684,0
Drama,79638,1
Comedy,1350940,2
Documentary,1790825,0
Drama,48545,1
Comedy,791309,2
Comedy,66115,2
Comedy,115580,2
Drama,61184,1
Documentary,96337,0
Comedy,2969776,2
Comedy,27969,2
Comedy,82801,2
Documentary,2938416,0
Comedy,796314,2
Documentary,2347411,0
Drama,105256,1
Documentary,2188750,0
Drama,85533,1
Documentary,431961,0
Documentary,978569,0
Documentary,264476,0
Documentary,74650,0
Documentary,68951,0
Comedy,58153,2
Comedy,3569326,2
Drama,119049,1
Documentary,380419,0
Documentary,240912,0
Documentary,1109523,0
Comedy,1625098,2
Documentary,68493,0
Documentary,390109,0
Comedy,73768,2
Drama,99726,1
Comedy,60148,2
Drama,58888,1
Comedy,1587877,2
Comedy,40342,2
Drama,48933,1
Comedy,80489,2
Documentary,800191,0
Documentary,4503900,0
Comedy,91183,2
Documentary,114805,0
Comedy,1175500,2
Comedy,1247667,2
Drama,27700,1
Documentary,912580,0
Drama,124115,1
Documentary,449786,0
Comedy,1366344,2
Comedy,3433074,2
Comedy,62978,2
Documentary,3567200,0
Drama,474642,1
Documentary,3663644,0
Comedy,113808,2
Documentary,76452,0
Comedy,88000,2
Comedy,91165,2
Comedy,252866,2
Drama,276617,1
Documentary,2071620,0
Comedy,94237,2
Documentary,1280011,0
Comedy,835418,2
Documentary,1570962,0
Documentary,74635,0
Comedy,1683524,2
Documentary,1326733,0
Documentary,1091617,0
Comedy,445800,2
Drama,234407,1
Comedy,125981,2
Comedy,119038,2
Drama,60099,1
Documentary,3113456,0
Comedy,236034,2
Drama,220726,1
Drama,433416,1
Documentary,100624,0
Comedy,113081,2
Comedy,178031,2
Drama,50613,1
Documentary,1186238,0
Comedy,64247,2
Documentary,359203,0
Comedy,85764,2
Documentary,1080585,0
Documentary,2008513,0
Comedy,107930,2
Drama,99969,1
Drama,113557,1
Comedy,45808,2
Comedy,281865,2
Comedy,45081,2
Comedy,117577,2
Documentary,1683876,0
Comedy,109447,2
Drama,1232826,1
Comedy,119142,2
Drama,84465,1
Documentary,303348,0
Documentary,1337599,0
Drama,791318,1
Comedy,63415,2
Drama,128370,1
Comedy,2008562,2
Documentary,2460426,0
Documentary,1345505,0
Documentary,1553156,0
Documentary,3822614,0
Comedy,1319733,2
Comedy,20876,2
Drama,456899,1
Documentary,116481,0
Comedy,77452,2
Documentary,99028,0
Comedy,906325,2
Documentary,383475,0
Comedy,1727506,2
Documentary,1606382,0
Documentary,2152198,0
Comedy,1241338,2
Comedy,95253,2
Documentary,489342,0
Documentary,284262,0
Drama,400761,1
Documentary,364484,0
Drama,186719,1
Comedy,427998,2
Comedy,2281425,2
Comedy,109255,2
Comedy,2460746,2
Documentary,1650416,0
Comedy,112541,2
Documentary,1370803,0
Drama,1087578,1
Comedy,219405,2
Drama,48291,1
Drama,89366,1
Drama,1078588,1
Comedy,22802,2
Documentary,2404567,0
Drama,50783,1
Documentary,2360880,0
Documentary,966582,0
Drama,47677,1
Comedy,58212,2
Drama,97567,1
Documentary,67324,0
Documentary,376921,0
Documentary,1522857,0
Drama,201517,1
Drama,102829,1
Documentary,1559038,0
Documentary,293475,0
Documentary,439574,0
Drama,49259,1
Drama,918557,1
Drama,105729,1
Documentary,3169780,0
Drama,68912,1
Documentary,63660,0
Drama,81528,1
Documentary,276515,0
Comedy,200215,2
Drama,185154,1
Comedy,102303,2
Documentary,279919,0
Documentary,145394,0
Drama,770810,1
Comedy,979434,2
Comedy,76125,2
Documentary,497116,0
Comedy,66016,2
Drama,22626,1
Documentary,961209,0
Documentary,874423,0
Drama,64652,1
Drama,72446,1
Drama,315983,1
Drama,914382,1
Documentary,2506388,0
Comedy,1110209,2
Drama,855895,1
Drama,66601,1
Drama,400517,1
Drama,57358,1
Comedy,3727662,2
Documentary,1185384,0
Comedy,92717,2
Comedy,118577,2
Comedy,79367,2
Documentary,1556690,0
Comedy,63348,2
Documentary,240641,0
Drama,44982,1
Documentary,272022,0
Drama,450450,1
Drama,65872,1
Comedy,222581,2
Documentary,1935156,0
Documentary,71999,0
Drama,201020,1
Drama,285727,1
Drama,47445,1
Drama,34591,1
Documentary,183065,0
Documentary,65853,0
Comedy,75144,2
Documentary,434231,0
Comedy,60708,2
Documentary,3661072,0
Documentary,290031,0
Comedy,1802810,2
Comedy,2524822,2
Drama,43018,1
Comedy,1254696,2
Documentary,486259,0
Documentary,72962,0
Documentary,1091744,0
Drama,141974,1
Drama,20298,1
Drama,116696,1
Comedy,68306,2
Documentary,233809,0
Documentary,1825163,0
Documentary,242546,0
Comedy,29058,2
Comedy,59298,2
Documentary,63477,0
Documentary,83727,0
Comedy,89504,2
Drama,1319569,1
Documentary,1029172,0
Comedy,57681,2
Comedy,443506,2
Documentary,1694015,0
Drama,1101675,1
Documentary,2222584,0
Comedy,94846,2
Comedy,425674,2
Documentary,108518,0
Comedy,42488,2
Drama,42054,1
Drama,59619,1
Drama,107152,1
Documentary,62474,0
Drama,1068649,1
Documentary,1094277,0
Documentary,2350432,0
Drama,54144,1
Documentary,1091617,0
Drama,276216,1
Drama,27118,1
Comedy,93200,2
Drama,892100,1
Documentary,3720794,0
Drama,114007,1
Comedy,50738,2
Documentary,1029172,0
Comedy,22700,2
Drama,169624,1
Drama,257289,1
Drama,492463,1
Drama,65088,1
Comedy,2098627,2
Documentary,492506,0
Comedy,1314240,2
Drama,1142798,1
Drama,27752,1
Comedy,321440,2
Documentary,4257858,0
Drama,1037218,1
Drama,412808,1
Documentary,4660952,0
Drama,50330,1
Comedy,117332,2
Drama,997246,1
Comedy,1365471,2
Drama,245027,1
Comedy,58456,2
Documentary,2357003,0
Documentary,68275,0
Comedy,57920,2
Documentary,819791,0
Documentary,1566648,0
Documentary,1135489,0
Comedy,109816,2
Comedy,86465,2
Documentary,3575800,0
Comedy,1093355,2
Drama,449467,1
Drama,117056,1
Drama,799991,1
Comedy,2621742,2
Documentary,2083695,0
Documentary,318049,0
Comedy,88336,2
Documentary,2732932,0
Drama,150216,1
Comedy,66495,2
Comedy,338466,2
Comedy,131325,2
Drama,238768,1
Drama,82081,1
Drama,469623,1
Documentary,75052,0
Documentary,2936174,0
Comedy,119413,2
Comedy,71487,2
Comedy,1121964,2
Documentary,2315806,0
Documentary,1942884,0
Comedy,407617,2
Documentary,284329,0
Documentary,1065086,0
Documentary,416470,0
Documentary,301235,0
Documentary,81846,0
Comedy,113149,2
Documentary,312318,0
Drama,19074,1
Drama,269856,1
Comedy,995857,2
Comedy,44687,2
Drama,96464,1
Documentary,3638686,0
Drama,51028,1
Documentary,841119,0
Documentary,202909,0
Documentary,2340784,0
Drama,286058,1
Drama,969307,1
Documentary,1433819,0
Comedy,116405,2
Comedy,2273321,2
Drama,106273,1
Documentary,2395970,0
Drama,375611,1
Documentary,2281365,0
Comedy,3500822,2
Comedy,102397,2
Comedy,78290,2
Drama,62990,1
Documentary,1117394,0
Documentary,5161392,0
Drama,109759,1
Comedy,101449,2
Documentary,1268204,0
Drama,105622,1
Drama,464029,1
Comedy,2304517,2
Documentary,5497132,0
Drama,422491,1
Documentary,912590,0
Documentary,847474,0
Documentary,1377796,0
Documentary,3091552,0
Comedy,107037,2
Documentary,2997766,0
Comedy,974959,2
Documentary,360216,0
Documentary,810746,0
Documentary,1334555,0
Drama,82633,1
Comedy,57622,2
Drama,184719,1
Comedy,61668,2
Comedy,66765,2
Comedy,381442,2
Documentary,2458776,0
Comedy,80917,2
Comedy,80739,2
Drama,92637,1
Documentary,2708946,0
Comedy,1680136,2
Drama,94924,1
Drama,41735,1
Drama,363768,1
Drama,36515,1
Comedy,81159,2
Comedy,49607,2
Comedy,60112,2
Comedy,1386011,2
Drama,113896,1
Drama,80500,1
Drama,478999,1
Documentary,1500496,0
Documentary,390425,0
Drama,417385,1
Documentary,1764282,0
Documentary,264802,0
Drama,97694,1
Documentary,309326,0
Drama,277255,1
Documentary,1156326,0
Drama,368774,1
Drama,1032819,1
Documentary,1307861,0
Comedy,114536,2
Drama,118964,1
Documentary,1584813,0
Drama,29606,1
Documentary,3317562,0
Comedy,2901584,2
Documentary,2917506,0
Documentary,3529920,0
Comedy,892096,2
Comedy,29940,2
Documentary,77157,0
Documentary,265212,0
Drama,104765,1
Documentary,1289451,0
Drama,200071,1
Drama,431045,1
Drama,88322,1
Comedy,70913,2
Drama,103976,1
Documentary,196866,0
Documentary,803890,0
Drama,166707,1
Documentary,4377864,0
Comedy,435706,2
Documentary,114597,0
Comedy,202989,2
Documentary,223251,0
Drama,94011,1
Comedy,321715,2
Comedy,974959,2
Drama,119349,1
Comedy,115685,2
Comedy,59362,2
Comedy,1576421,2
Documentary,1307789,0
Documentary,2258233,0
Drama,61395,1
Comedy,379184,2
Comedy,35617,2
Comedy,2077851,2
Comedy,2016872,2
Documentary,1196672,0
Comedy,29949,2
Comedy,65198,2
Documentary,3506224,0
Drama,71483,1
Drama,42958,1
Comedy,55069,2
Comedy,25318,2
Drama,189630,1
Documentary,2507128,0
Drama,15064,1
Comedy,367085,2
Drama,87884,1
Comedy,80319,2
Comedy,110759,2
Drama,118125,1
Documentary,1386926,0
Drama,57889,1
Drama,479965,1
Drama,104606,1
Documentary,131149,0
Comedy,90579,2
Drama,223897,1
Drama,112491,1
Drama,1078188,1
Drama,66546,1
Drama,118768,1
Documentary,428518,0
Documentary,102015,0
Comedy,23322,2
Documentary,995061,0
Drama,430224,1
Drama,93277,1
Comedy,455577,2
Documentary,2405792,0
Drama,152176,1
Drama,306011,1
Drama,988108,1
Drama,58175,1
Drama,312841,1
Comedy,1570966,2
Comedy,271031,2
Comedy,486551,2
Documentary,218433,0
Drama,67439,1
Drama,63291,1
Comedy,1500505,2
Comedy,111998,2
Drama,251370,1
Documentary,4401342,0
Drama,949489,1
Drama,48973,1
Documentary,473107,0
Documentary,1252486,0
Comedy,50832,2
Documentary,5111874,0
Documentary,1495768,0
Drama,60358,1
Comedy,39566,2
Comedy,115658,2
Comedy,59903,2
Documentary,303326,0
Comedy,100895,2
Comedy,78846,2
Documentary,1002535,0
Documentary,113840,0
Drama,120323,1
Drama,62203,1
Comedy,81695,2
Documentary,5326448,0
Documentary,995061,0
Comedy,325234,2
Drama,39531,1
Drama,492463,1
Drama,92843,1
Drama,87688,1
Drama,80117,1
Comedy,415949,2
Drama,91670,1
Documentary,1567233,0
Drama,62977,1
Comedy,1710417,2
Documentary,96852,0
Drama,411098,1
Drama,96003,1
Documentary,819354,0
Drama,463381,1
Comedy,2382422,2
Documentary,2125490,0
Comedy,14358,2
Documentary,1185600,0
Documentary,1385943,0
Documentary,2446192,0
Comedy,105777,2
Comedy,89167,2
Drama,120449,1
Drama,847167,1
Drama,263124,1
Drama,27672,1
Drama,55981,1
Documentary,109390,0
Comedy,97335,2
Comedy,77895,2
Drama,61042,1
Documentary,1092058,0
Documentary,342275,0
Documentary,326306,0
Drama,107349,1
Documentary,3746250,0
Comedy,138279,2
Drama,103125,1
Drama,84485,1
Documentary,81055,0
Drama,1166110,1
Comedy,1347509,2
Drama,424434,1
Comedy,34780,2
Documentary,1414368,0
Comedy,188277,2
Documentary,2467442,0
Documentary,1459052,0
Comedy,386346,2
Documentary,1929387,0
Documentary,365135,0
Drama,387701,1
Comedy,795361,2
Comedy,92690,2
Drama,850307,1
Drama,1152397,1
Comedy,89628,2
Documentary,3013258,0
Documentary,109580,0
Documentary,2332883,0
Documentary,1189042,0
Comedy,63801,2
Comedy,36818,2
Documentary,1763194,0
Documentary,410407,0
Documentary,1683890,0
Documentary,2124998,0
Documentary,4406298,0
Documentary,75818,0
Documentary,3327994,0
Drama,456041,1
Drama,84345,1
Drama,1499228,1
Documentary,119165,0
Comedy,1176725,2
Drama,17350,1
Documentary,73887,0
Documentary,407888,0
Comedy,40795,2
Documentary,1445203,0
Drama,238321,1
Comedy,90856,2
Drama,59527,1
Comedy,218112,2
Drama,822868,1
Comedy,1646887,2
Drama,42619,1
Documentary,765849,0
Drama,67893,1
Drama,99341,1
Documentary,1422757,0
Comedy,66195,2
Comedy,2479384,2
Comedy,119692,2
Documentary,826039,0
Documentary,68375,0
Drama,115907,1
Drama,365938,1
Documentary,188996,0
Comedy,65686,2
Documentary,1270612,0
Documentary,3741860,0
Drama,119080,1
Documentary,83702,0
Drama,95036,1
Comedy,397692,2
Drama,311072,1
Documentary,2297031,0
Comedy,99546,2
Documentary,1249415,0
Documentary,1667905,0
Comedy,1805297,2
Comedy,76913,2
Documentary,775438,0
Documentary,194278,0
Comedy,87150,2
Comedy,39472,2
Drama,154420,1
Drama,159373,1
Documentary,116310,0
Comedy,58981,2
Comedy,827729,2
Drama,57710,1
Documentary,4584528,0
Documentary,478090,0
Comedy,96386,2
Documentary,1104678,0
Comedy,114047,2
Comedy,106536,2
Comedy,1954794,2
Documentary,929235,0
Drama,58500,1
Drama,1428457,1
Documentary,1541666,0
Comedy,1091172,2
Drama,127354,1
Documentary,66153,0
Comedy,50580,2
Comedy,113403,2
Comedy,2044729,2
Drama,60138,1
Documentary,318068,0
Documentary,1649416,0
Comedy,95357,2
Drama,106660,1
Comedy,415739,2
Documentary,1441846,0
Documentary,1558865,0
Documentary,2263058,0
Documentary,481269,0
Drama,365960,1
Comedy,3194532,2
Drama,77309,1
Drama,1426361,1
Documentary,463028,0
Comedy,3628334,2
Documentary,949497,0
Comedy,32186,2
Comedy,26676,2
Comedy,117312,2
Drama,1080695,1
Drama,822849,1
Comedy,83163,2
Drama,74220,1
Comedy,110518,2
Documentary,1112115,0
Comedy,39556,2
Documentary,428959,0
Drama,59555,1
Drama,918557,1
Comedy,104878,2
Drama,120642,1
Documentary,4254838,0
Drama,308411,1
Drama,1100048,1
Documentary,1568926,0
Drama,69687,1
Comedy,110274,2
Comedy,383846,2
Comedy,66927,2
Comedy,75222,2
Documentary,2531282,0
Drama,73152,1
Comedy,442207,2
Documentary,1047517,0
Drama,345032,1
Comedy,58621,2
Comedy,75875,2
Documentary,1202579,0
Comedy,3872778,2
Documentary,1511532,0
Drama,416991,1
Documentary,1183662,0
Comedy,106779,2
Documentary,1913030,0
Documentary,3817848,0
Comedy,86205,2
Comedy,39405,2
Documentary,1341746,0
Documentary,479879,0
Comedy,197042,2
Documentary,1020027,0
Drama,86022,1
Drama,98112,1
Comedy,120823,2
Drama,329106,1
Documentary,2125501,0
Drama,251191,1
Drama,468526,1
Comedy,79486,2
Comedy,489212,2
Drama,109702,1
Documentary,1445683,0
Documentary,1478841,0
Drama,387233,1
Comedy,216911,2
Documentary,5724616,0
Documentary,230334,0
Documentary,2182169,0
Comedy,85450,2
Documentary,2391833,0
Drama,103973,1
Comedy,14900,2
Documentary,1977894,0
Drama,817225,1
Drama,864770,1
Drama,296492,1
Drama,762110,1
Comedy,281078,2
Comedy,1529235,2
Documentary,333388,0
Documentary,51372,0
Comedy,92035,2
Documentary,357567,0
Comedy,486572,2
Drama,258242,1
Drama,109828,1
Comedy,1213922,2
Comedy,92646,2
Drama,114103,1
Drama,192745,1
Comedy,126938,2
Documentary,1540991,0
Drama,1010048,1
Comedy,820096,2
Comedy,97676,2
Documentary,1152834,0
Comedy,3596200,2
Documentary,1355640,0
Documentary,1649433,0
Documentary,1460739,0
Drama,92337,1
Drama,807721,1
Documentary,4382552,0
Drama,139951,1
Documentary,1202203,0
Comedy,57556,2
Documentary,2180503,0
Documentary,1528734,0
Documentary,1015971,0
Documentary,2043814,0
Comedy,299215,2
Comedy,383678,2
Documentary,1784538,0
Documentary,4537412,0
Documentary,2343713,0
Documentary,391024,0
Drama,1020936,1
Drama,348529,1
Comedy,1235075,2
Drama,118632,1
Documentary,1083853,0
Comedy,2464018,2
Drama,84654,1
Drama,94681,1
Drama,39090,1
Documentary,1125387,0
Documentary,5278596,0
Drama,53279,1
Documentary,175550,0
Documentary,1223150,0
Documentary,359281,0
Comedy,61452,2
Drama,756206,1
Drama,208990,1
Comedy,2089750,2
Drama,456149,1
Comedy,131972,2
Drama,105265,1
Documentary,437123,0
Documentary,65702,0
Comedy,98153,2
Comedy,62136,2
Documentary,1038913,0
Comedy,51143,2
Comedy,93818,2
Documentary,2711748,0
Comedy,111275,2
Comedy,62271,2
Drama,176250,1
Comedy,195945,2
Documentary,1159961,0
Comedy,120654,2
Drama,84354,1
Documentary,2636522,0
Comedy,51133,2
Drama,117666,1
Documentary,2286630,0
Drama,81160,1
Comedy,49182,2
Comedy,47582,2
Comedy,102558,2
Drama,463486,1
Documentary,1667130,0
Drama,221799,1
Drama,1194236,1
Comedy,113500,2
Drama,49966,1
Documentary,856008,0
Documentary,4103404,0
Comedy,88765,2
Drama,68805,1
Drama,58701,1
Documentary,169024,0
Comedy,13075,2
Comedy,20114,2
Comedy,790628,2
Comedy,115683,2
Documentary,301727,0
Drama,101984,1
Comedy,97314,2
Drama,1071798,1
Comedy,90079,2
Comedy,104954,2
Comedy,79781,2
Comedy,839856,2
Documentary,2240784,0
Drama,800228,1
Comedy,61343,2
Documentary,2438860,0
Drama,935075,1
Documentary,2150521,0
Drama,381690,1
Drama,64285,1
Comedy,91042,2
Comedy,107958,2
Comedy,89746,2
Drama,85501,1
Comedy,94138,2
Documentary,791307,0
Drama,263725,1
Drama,103253,1
Comedy,86927,2
Documentary,379296,0
Documentary,4143384,0
Documentary,2637720,0
Drama,330099,1
Drama,43511,1
Documentary,468442,0
Documentary,1943873,0
Drama,65874,1
Comedy,98261,2
Drama,1198385,1
Drama,26262,1
Drama,61847,1
Documentary,2054815,0
Drama,64573,1
Drama,139615,1
Documentary,4450170,0
Drama,1194235,1
Documentary,4477936,0
Drama,202711,1
Documentary,4386134,0
Documentary,1249414,0
Documentary,1436342,0
Documentary,3904778,0
Comedy,799934,2
Documentary,2674040,0
Drama,257019,1
Drama,348853,1
Comedy,112403,2
Documentary,123802,0
Comedy,2234025,2
Drama,297905,1
Documentary,1399584,0
Drama,61465,1
Documentary,478324,0
Documentary,1739304,0
Comedy,48334,2
Documentary,3108840,0
Drama,120255,1
Drama,287364,1
Comedy,1455810,2
Documentary,1655078,0
Drama,119711,1
Drama,1499639,1
Drama,84898,1
Drama,94882,1
Drama,112607,1
Drama,1158936,1
Drama,43801,1
Drama,24453,1
Documentary,2323551,0
Comedy,37848,2
Documentary,1176730,0
Drama,120593,1
Drama,369672,1
Comedy,1376233,2
Comedy,148110,2
Drama,914382,1
Comedy,66423,2
Documentary,473506,0
Drama,117359,1
Documentary,474361,0
Documentary,490048,0
Documentary,2084773,0
Drama,107148,1
Documentary,297899,0
Comedy,1241017,2
Comedy,1920976,2
Comedy,2281065,2
Drama,35823,1
Drama,396746,1
Documentary,2306687,0
Documentary,342180,0
Drama,38984,1
Documentary,288203,0
Comedy,121398,2
Documentary,1192422,0
Drama,110299,1
Documentary,424755,0
Comedy,258760,2
Comedy,118954,2
Comedy,337114,2
Drama,102511,1
Drama,84549,1
Documentary,943512,0
Documentary,1159712,0
Comedy,46436,2
Documentary,77154,0
Comedy,2375597,2
Comedy,1534397,2
Drama,212573,1
Comedy,67350,2
Comedy,104309,2
Documentary,365109,0
Comedy,54495,2
Comedy,3009336,2
Comedy,30746,2
Comedy,2788710,2
Drama,379576,1
Comedy,2424418,2
Drama,940585,1
Comedy,2319018,2
Drama,112907,1
Comedy,1399210,2
Comedy,252488,2
Documentary,303307,0
Drama,290145,1
Documentary,1326252,0
Drama,62952,1
Comedy,272730,2
Drama,119052,1
Documentary,3962828,0
Comedy,312862,2
Documentary,346091,0
Drama,181002,1
Drama,110400,1
Drama,54130,1
Drama,214605,1
Drama,407021,1
Drama,104118,1
Drama,368913,1
Comedy,261392,2
Documentary,363510,0
Documentary,179850,0
Documentary,2113683,0
Drama,118818,1
Documentary,1527626,0
Drama,64180,1
Drama,90319,1
Comedy,105078,2
Documentary,1074194,0
Drama,118762,1
Drama,437800,1
Comedy,425395,2
Drama,156901,1
Drama,73424,1
Comedy,107292,2
Documentary,5275872,0
Drama,114117,1
Documentary,933877,0
Comedy,462295,2
Documentary,4558042,0
Drama,379976,1
Documentary,1149583,0
Drama,111102,1
Documentary,1533395,0
Drama,175739,1
Documentary,42650,0
Drama,51404,1
Documentary,206746,0
Documentary,1288553,0
Documentary,478116,0
Comedy,89331,2
Drama,498097,1
Comedy,65184,2
Documentary,1883251,0
Drama,84675,1
Comedy,107492,2
Drama,95497,1
Comedy,1625345,2
Documentary,5129768,0
Comedy,47338,2
Documentary,498329,0
Comedy,3823690,2
Documentary,3597400,0
Comedy,1327702,2
Drama,85101,1
Documentary,419477,0
Documentary,120126,0
Documentary,1382323,0
Drama,814666,1
Comedy,86373,2
Drama,40866,1
Comedy,2265050,2
Drama,70644,1
Comedy,467867,2
Comedy,2124096,2
Comedy,884732,2
Drama,65571,1
Drama,290160,1
Comedy,15002,2
Documentary,345128,0
Drama,1175506,1
Comedy,90377,2
Drama,111019,1
Drama,107751,1
Documentary,1278480,0
Comedy,816545,2
Documentary,3889036,0
Drama,103838,1
Comedy,1849759,2
Documentary,243976,0
Documentary,949770,0
Comedy,82490,2
Documentary,5275886,0
Comedy,52676,2
Drama,83090,1
Comedy,35100,2
Drama,41998,1
Drama,212826,1
Drama,39636,1
Comedy,101757,2
Documentary,3146408,0
Drama,55353,1
Drama,48473,1
Documentary,1157694,0
Documentary,1422786,0
Comedy,27552,2
Comedy,1870425,2
Drama,299937,1
Documentary,303394,0
Drama,17448,1
Documentary,206988,0
Documentary,293685,0
Comedy,84522,2
Drama,1188998,1
Documentary,1043845,0
Documentary,2125427,0
Drama,116490,1
Drama,67881,1
Comedy,120777,2
Comedy,1666186,2
Documentary,1014799,0
Comedy,84809,2
Documentary,106384,0
Comedy,435706,2
